subject_prefix,course_code,course_name,section,crn,instructor,schedule,type,status,credits
ANST-UA,ANST-UA 323,,001,5495,Staff,TR 2-3:15p,Lecture,Open,1
ANST-UA,ANST-UA 500,,001,5489,Staff,T 8-10:30a,Seminar,Open,1
ANST-UA,ANST-UA 600,,001,5481,Staff,MW 2-3:15p,Seminar,Open,1
ANST-UA,ANST-UA 600,,002,5482,Staff,F 2-4:30p,Seminar,Open,1
ANST-UA,ANST-UA 600,,003,5483,Staff,MW 12:30-1:45p,Seminar,Open,1
ANST-UA,ANST-UA 600,,004,5484,Staff,TR 11a-12:15p,Seminar,Open,1
ANST-UA,ANST-UA 600,,005,5485,Staff,TR 3:30-4:45p,Seminar,Open,1
ANTH-UA,ANTH-UA 1,,001,8369,Staff,TR 9:30-10:45a,Lecture,Open,7
ANTH-UA,ANTH-UA 1,,002,8370,Staff,R 11a-12:15p,Recitation,Open,7
ANTH-UA,ANTH-UA 1,,003,8371,Staff,R 12:30-1:45p,Recitation,Open,7
ANTH-UA,ANTH-UA 1,,004,8372,Staff,R 4:55-6:10p,Recitation,Open,7
ANTH-UA,ANTH-UA 1,,005,8374,Staff,F 8-9:15a,Recitation,Open,7
ANTH-UA,ANTH-UA 1,,006,8373,Staff,F 9:30-10:45a,Recitation,Open,7
ANTH-UA,ANTH-UA 1,,007,8375,Staff,F 12:30-1:45p,Recitation,Open,7
ANTH-UA,ANTH-UA 106,,001,8385,Staff,TR 11a-12:15p,Seminar,Open,1
ANTH-UA,ANTH-UA 129,,001,8388,Staff,M 6:20-8:50p,Seminar,Open,1
ANTH-UA,ANTH-UA 140,,001,8416,Staff,MW 3:30-4:45p,Lecture,Open,1
ANTH-UA,ANTH-UA 142,,001,8413,Staff,W 2-4:30p,Lecture,Open,3
ANTH-UA,ANTH-UA 142,,002,8414,Staff,F 8-9:15a,Recitation,Open,3
ANTH-UA,ANTH-UA 142,,003,8415,Staff,F 9:30-10:45a,Recitation,Open,3
ANTH-UA,ANTH-UA 143,,001,8419,Staff,TR 2-3:15p,Seminar,Open,1
ANTH-UA,ANTH-UA 2,,001,8376,Staff,MW 11a-12:15p,Lecture,Open,9
ANTH-UA,ANTH-UA 2,,002,8377,Staff,M 3:30-4:45p,Lab,Open,9
ANTH-UA,ANTH-UA 2,,003,8378,Staff,M 4:55-6:10p,Lab,Open,9
ANTH-UA,ANTH-UA 2,,004,8379,Staff,T 8-9:15a,Lab,Open,9
ANTH-UA,ANTH-UA 2,,005,8380,Staff,T 9:30-10:45a,Lab,Open,9
ANTH-UA,ANTH-UA 2,,006,8381,Staff,T 12:30-1:45p,Lab,Open,9
ANTH-UA,ANTH-UA 2,,007,8382,Staff,T 2-3:15p,Lab,Open,9
ANTH-UA,ANTH-UA 2,,008,8383,Staff,W 8-9:15a,Lab,Open,9
ANTH-UA,ANTH-UA 2,,009,8384,Staff,W 9:30-10:45a,Lab,Open,9
ANTH-UA,ANTH-UA 205,,001,8387,Staff,MW 12:30-1:45p,Seminar,Open,1
ANTH-UA,ANTH-UA 207,,001,8386,Staff,TR 12:30-1:45p,Lecture,Open,1
ANTH-UA,ANTH-UA 231,,001,8412,Staff,R 2-4:30p,Lecture,Open,1
ANTH-UA,ANTH-UA 236,,001,8418,Staff,TR 11a-12:15p,Lecture,Open,1
ANTH-UA,ANTH-UA 301,,001,8409,Staff,W 11a-1:30p,Lecture,Open,1
ANTH-UA,ANTH-UA 301,,002,8410,Staff,T 2-4:30p,Lecture,Open,1
ANTH-UA,ANTH-UA 302,,001,8390,Staff,MW 9:30-10:45a,Seminar,Open,1
ANTH-UA,ANTH-UA 303,,001,8389,Staff,TR 3:30-4:45p,Lecture,Open,1
ANTH-UA,ANTH-UA 800,,001,8391,Staff,MW 4:55-6:10p,Seminar,Open,1
ANTH-UA,ANTH-UA 901,,001,8392,Staff,W 8-9:15a,Independent,Open,1
ANTH-UA,ANTH-UA 903,,001,8393,Staff,Does Not Meet,Seminar,Open,3
ANTH-UA,ANTH-UA 903,,002,8394,Staff,Does Not Meet,Seminar,Open,3
ANTH-UA,ANTH-UA 903,,003,8395,Staff,Does Not Meet,Seminar,Open,3
ANTH-UA,ANTH-UA 905,,001,8396,Staff,Does Not Meet,Independent,Open,12
ANTH-UA,ANTH-UA 905,,002,8397,Staff,Does Not Meet,Independent,Open,12
ANTH-UA,ANTH-UA 905,,003,8398,Staff,Does Not Meet,Independent,Open,12
ANTH-UA,ANTH-UA 905,,004,8399,Staff,Does Not Meet,Independent,Open,12
ANTH-UA,ANTH-UA 905,,005,8400,Staff,Does Not Meet,Independent,Open,12
ANTH-UA,ANTH-UA 905,,006,8401,Staff,Does Not Meet,Independent,Open,12
ANTH-UA,ANTH-UA 905,,007,8402,Staff,Does Not Meet,Independent,Open,12
ANTH-UA,ANTH-UA 905,,008,8403,Staff,Does Not Meet,Independent,Open,12
ANTH-UA,ANTH-UA 905,,009,8404,Staff,Does Not Meet,Independent,Open,12
ANTH-UA,ANTH-UA 905,,010,8405,Staff,Does Not Meet,Independent,Open,12
ANTH-UA,ANTH-UA 905,,011,8406,Staff,Does Not Meet,Independent,Open,12
ANTH-UA,ANTH-UA 905,,012,8407,Staff,Does Not Meet,Independent,Open,12
ARTH-UA,ARTH-UA 10,,001,8326,Staff,TR 3:30-4:45p,Lecture,Open,5
ARTH-UA,ARTH-UA 10,,002,8327,Staff,F 11a-12:15p,Recitation,Open,5
ARTH-UA,ARTH-UA 10,,003,8328,Staff,F 12:30-1:45p,Recitation,Open,5
ARTH-UA,ARTH-UA 10,,004,8329,Staff,F 2-3:15p,Recitation,Open,5
ARTH-UA,ARTH-UA 10,,005,8330,Staff,F 3:30-4:45p,Recitation,Open,5
ARTH-UA,ARTH-UA 103,,001,21998,Staff,MW 12:30-1:45p,Lecture,Open,1
ARTH-UA,ARTH-UA 250,,001,21999,Staff,MW 2-3:15p,Lecture,Open,1
ARTH-UA,ARTH-UA 350,,001,8333,Staff,TR 3:30-4:45p,Lecture,Open,1
ARTH-UA,ARTH-UA 4,,001,8324,Staff,MW 4:55-6:10p,Lecture,Open,1
ARTH-UA,ARTH-UA 409,,001,8334,Staff,MW 12:30-1:45p,Lecture,Open,1
ARTH-UA,ARTH-UA 450,,001,8335,Staff,TR 11a-12:15p,Lecture,Open,1
ARTH-UA,ARTH-UA 450,,002,8336,Staff,TR 11a-12:15p,Lecture,Open,1
ARTH-UA,ARTH-UA 450,,003,8337,Staff,MW 4:55-6:10p,Lecture,Open,2
ARTH-UA,ARTH-UA 450,,004,8338,Staff,TR 2-3:15p,Lecture,Open,1
ARTH-UA,ARTH-UA 450,,005,8339,Staff,MW 3:30-4:45p,Lecture,Open,1
ARTH-UA,ARTH-UA 450,,006,21793,Staff,TR 9:30-10:45a,Lecture,Open,2
ARTH-UA,ARTH-UA 6,,001,8325,Staff,TR 12:30-1:45p,Lecture,Open,1
ARTH-UA,ARTH-UA 601,,001,8341,Staff,MW 9:30-10:45a,Lecture,Open,1
ARTH-UA,ARTH-UA 650,,001,8342,Staff,M 3:30-6:10p,Seminar,Open,1
ARTH-UA,ARTH-UA 650,,002,8343,Staff,W 9:30a-12:15p,Seminar,Open,1
ARTH-UA,ARTH-UA 650,,003,8344,Staff,T 3:30-6:10p,Seminar,Open,1
ARTH-UA,ARTH-UA 650,,004,8345,Staff,R 9:30a-12:15p,Seminar,Open,1
ARTH-UA,ARTH-UA 650,,005,8346,Staff,M 4:55-7:25p,Seminar,Open,1
ARTH-UA,ARTH-UA 650,,006,8347,Staff,W 2-4:45p,Seminar,Open,1
ARTH-UA,ARTH-UA 650,,007,8348,Staff,T 5:10-7:40p,Seminar,Open,1
ARTH-UA,ARTH-UA 661,,001,8349,Staff,TR 2-3:15p,Lecture,Open,1
ARTH-UA,ARTH-UA 663,,001,8350,Staff,MW 2-3:15p,Lecture,Open,1
ARTH-UA,ARTH-UA 670,,001,8351,Staff,R 4:55-7:25p,Seminar,Open,1
ARTH-UA,ARTH-UA 671,,001,8352,Staff,W 4:55-7:25p,Seminar,Open,1
ARTH-UA,ARTH-UA 672,,001,8353,Staff,R 2-4:45p,Seminar,Open,1
ARTH-UA,ARTH-UA 673,,001,8354,Staff,T 12:30-3:15p,Seminar,Open,1
ARTH-UA,ARTH-UA 674,,001,8355,Staff,W 2-4:30p,Seminar,Open,1
ARTH-UA,ARTH-UA 676,,001,8356,Staff,T 9:30a-12:15p,Seminar,Open,1
ARTH-UA,ARTH-UA 800,,001,8357,Staff,M 11a-1:45p,Seminar,Open,1
ARTH-UA,ARTH-UA 800,,002,8358,Staff,T 2-5p,Seminar,Open,1
ARTH-UA,ARTH-UA 800,,003,8359,Staff,T 9:30a-12:15p,Seminar,Open,1
ARTH-UA,ARTH-UA 800,,004,8360,Staff,M 2-4:45p,Seminar,Open,1
ARTH-UA,ARTH-UA 800,,005,8361,Staff,R 9:30a-12:15p,Seminar,Open,1
ARTH-UA,ARTH-UA 800,,006,8362,Staff,W 11a-1:45p,Seminar,Open,1
ARTH-UA,ARTH-UA 800,,007,14728,Staff,R 6:20-9p,Seminar,Open,1
ARTH-UA,ARTH-UA 801,,001,8363,Staff,M 11a-1:45p,Seminar,Open,1
ARTH-UA,ARTH-UA 804,,001,8364,Staff,Does Not Meet,Independent,Open,2
ARTH-UA,ARTH-UA 804,,002,8365,Staff,Does Not Meet,Independent,Open,2
ARTH-UA,ARTH-UA 850,,001,8366,Staff,MW 9:30-10:45a,Lecture,Open,1
ARTH-UA,ARTH-UA 850,,002,8367,Staff,W 9:30a-12:15p,Lecture,Open,1
ARTH-UA,ARTH-UA 850,,003,8368,Staff,TR 4:55-6:10p,Lecture,Open,1
ARTH-UA,ARTH-UA 850,,004,9652,Staff,MW 11a-12:15p,Lecture,Open,1
ARTH-UA,ARTH-UA 850,,005,21959,Staff,MW 3:30-4:45p,Lecture,Open,1
BIOL-UA,BIOL-UA 11,,001,8170,Staff,MW 9:30-10:45a; F 2-4p,Lecture,Open,39
BIOL-UA,BIOL-UA 11,,002,8171,Staff,M 12:30-1:20p,TUT,Open,39
BIOL-UA,BIOL-UA 11,,003,8172,Staff,M 12:30-1:20p,TUT,Open,39
BIOL-UA,BIOL-UA 11,,004,8173,Staff,M 1:30-2:20p,TUT,Open,39
BIOL-UA,BIOL-UA 11,,005,8174,Staff,M 1:30-2:20p,TUT,Open,39
BIOL-UA,BIOL-UA 11,,006,8175,Staff,M 2:45-3:35p,TUT,Open,39
BIOL-UA,BIOL-UA 11,,007,8176,Staff,M 2:45-3:35p,TUT,Open,39
BIOL-UA,BIOL-UA 11,,008,8177,Staff,M 3:45-4:35p,TUT,Open,39
BIOL-UA,BIOL-UA 11,,009,8178,Staff,M 3:45-4:35p,TUT,Open,39
BIOL-UA,BIOL-UA 11,,010,8179,Staff,T 10:15-11:05a,TUT,Open,39
BIOL-UA,BIOL-UA 11,,011,8180,Staff,T 10:15-11:05a,TUT,Open,39
BIOL-UA,BIOL-UA 11,,012,8181,Staff,T 11:15a-12:05p,TUT,Open,39
BIOL-UA,BIOL-UA 11,,013,8182,Staff,T 11:15a-12:05p,TUT,Open,39
BIOL-UA,BIOL-UA 11,,014,8183,Staff,T 12:30-1:20p,TUT,Open,39
BIOL-UA,BIOL-UA 11,,015,8184,Staff,T 12:30-1:20p,TUT,Open,39
BIOL-UA,BIOL-UA 11,,016,8185,Staff,T 1:30-2:20p,TUT,Open,39
BIOL-UA,BIOL-UA 11,,018,8187,Staff,T 2:45-3:35p,TUT,Open,39
BIOL-UA,BIOL-UA 11,,019,8188,Staff,T 2:45-3:35p,TUT,Open,39
BIOL-UA,BIOL-UA 11,,020,8189,Staff,T 3:45-4:35p,TUT,Open,39
BIOL-UA,BIOL-UA 11,,021,8190,Staff,T 3:45-4:35p,TUT,Open,39
BIOL-UA,BIOL-UA 11,,022,8191,Staff,T 4:55-5:45p,TUT,Open,39
BIOL-UA,BIOL-UA 11,,023,8192,Staff,T 4:55-5:45p,TUT,Open,39
BIOL-UA,BIOL-UA 11,,024,8193,Staff,T 5:55-6:45p,TUT,Open,39
BIOL-UA,BIOL-UA 11,,025,8194,Staff,T 5:55-6:45p,TUT,Open,39
BIOL-UA,BIOL-UA 11,,026,8195,Staff,W 12:30-1:20p,TUT,Open,39
BIOL-UA,BIOL-UA 11,,027,8196,Staff,W 12:30-1:20p,TUT,Open,39
BIOL-UA,BIOL-UA 11,,028,8197,Staff,W 1:30-2:20p,TUT,Open,39
BIOL-UA,BIOL-UA 11,,029,8198,Staff,W 1:30-2:20p,TUT,Open,39
BIOL-UA,BIOL-UA 11,,030,8199,Staff,MW 12:30-1:45p; F 2-4p,Lecture,Open,39
BIOL-UA,BIOL-UA 11,,031,8200,Staff,W 2:45-3:35p,TUT,Open,39
BIOL-UA,BIOL-UA 11,,032,8201,Staff,W 2:45-3:35p,TUT,Open,39
BIOL-UA,BIOL-UA 11,,033,8202,Staff,W 3:45-4:35p,TUT,Open,39
BIOL-UA,BIOL-UA 11,,034,8203,Staff,W 3:45-4:35p,TUT,Open,39
BIOL-UA,BIOL-UA 11,,035,8204,Staff,R 10:15-11:05a,TUT,Open,39
BIOL-UA,BIOL-UA 11,,038,8208,Staff,R 11:15a-12:05p,TUT,Open,39
BIOL-UA,BIOL-UA 11,,039,8205,Staff,R 12:30-1:20p,TUT,Open,39
BIOL-UA,BIOL-UA 11,,040,8209,Staff,R 12:30-1:20p,TUT,Open,39
BIOL-UA,BIOL-UA 11,,041,8210,Staff,R 1:30-2:20p,TUT,Open,39
BIOL-UA,BIOL-UA 11,,042,8211,Staff,R 1:30-2:20p,TUT,Open,39
BIOL-UA,BIOL-UA 124,,001,8266,Staff,M 2-4:45p,Lecture,Open,2
BIOL-UA,BIOL-UA 124,,002,8267,Staff,R 3:45-5p,Recitation,Open,2
BIOL-UA,BIOL-UA 130,,001,8263,Staff,T 12:30-1:45p,Lecture,Open,2
BIOL-UA,BIOL-UA 130,,002,8264,Staff,R 12:30-3:15p,Lab,Open,2
BIOL-UA,BIOL-UA 150,,001,8283,Staff,R 11a-3:15p,Lab,Open,1
BIOL-UA,BIOL-UA 16,,001,8212,Staff,F 8a-1:30p,Lecture,Open,1
BIOL-UA,BIOL-UA 21,,001,8213,Staff,MW 9:30-10:45a; F 2-4p,Lecture,Open,19
BIOL-UA,BIOL-UA 21,,002,8214,Staff,M 2-3:15p,Recitation,Open,19
BIOL-UA,BIOL-UA 21,,003,8215,Staff,M 3:30-4:45p,Recitation,Open,19
BIOL-UA,BIOL-UA 21,,004,8216,Staff,M 4:55-6:10p,Recitation,Open,19
BIOL-UA,BIOL-UA 21,,005,8217,Staff,M 4:55-6:10p,Recitation,Open,19
BIOL-UA,BIOL-UA 21,,006,8218,Staff,T 6:20-7:35p,Recitation,Open,19
BIOL-UA,BIOL-UA 21,,007,8219,Staff,M 6:20-7:35p,Recitation,Open,19
BIOL-UA,BIOL-UA 21,,008,8220,Staff,T 8-9:15a,Recitation,Open,19
BIOL-UA,BIOL-UA 21,,009,8221,Staff,W 8-9:15a,Recitation,Open,19
BIOL-UA,BIOL-UA 21,,010,8222,Staff,W 8-9:15a,Recitation,Open,19
BIOL-UA,BIOL-UA 21,,011,8223,Staff,W 2-3:15p,Recitation,Open,19
BIOL-UA,BIOL-UA 21,,012,8224,Staff,W 2-3:15p,Recitation,Open,19
BIOL-UA,BIOL-UA 21,,013,8225,Staff,R 6:20-7:35p,Recitation,Open,19
BIOL-UA,BIOL-UA 21,,014,8226,Staff,R 9:30-10:45a,Recitation,Open,19
BIOL-UA,BIOL-UA 21,,015,8227,Staff,R 8-9:15a,Recitation,Open,19
BIOL-UA,BIOL-UA 21,,016,8228,Staff,T 9:30-10:45a,Recitation,Open,19
BIOL-UA,BIOL-UA 21,,017,8229,Staff,R 11a-12:15p,Recitation,Open,19
BIOL-UA,BIOL-UA 21,,018,8230,Staff,T 4:55-6:10p,Recitation,Open,19
BIOL-UA,BIOL-UA 21,,019,8231,Staff,T 3:30-4:45p,Recitation,Open,19
BIOL-UA,BIOL-UA 223,,001,8268,Staff,T 11a-1:45p,Lab,Open,11
BIOL-UA,BIOL-UA 223,,002,8269,Staff,T 2-4:45p,Lab,Open,11
BIOL-UA,BIOL-UA 223,,003,8270,Staff,T 2-4:45p,Lab,Open,11
BIOL-UA,BIOL-UA 223,,004,8271,Staff,W 11a-1:45p,Lab,Open,11
BIOL-UA,BIOL-UA 223,,005,8272,Staff,W 2-4:45p,Lab,Open,11
BIOL-UA,BIOL-UA 223,,006,8273,Staff,W 2-4:45p,Lab,Open,11
BIOL-UA,BIOL-UA 223,,007,8274,Staff,R 11a-1:45p,Lab,Open,11
BIOL-UA,BIOL-UA 223,,008,8275,Staff,R 2-4:45p,Lab,Open,11
BIOL-UA,BIOL-UA 223,,009,8276,Staff,R 11a-1:45p,Lab,Open,11
BIOL-UA,BIOL-UA 223,,010,8277,Staff,W 11a-1:45p,Lab,Open,11
BIOL-UA,BIOL-UA 223,,011,8279,Staff,T 11a-1:45p,Lab,Open,11
BIOL-UA,BIOL-UA 25,,001,8234,Staff,W 11a-1:45p,Lecture,Open,1
BIOL-UA,BIOL-UA 26,,001,8235,Staff,TR 12:30-1:45p,Lecture,Open,3
BIOL-UA,BIOL-UA 26,,002,8232,Staff,M 11:15a-12:05p,Recitation,Open,3
BIOL-UA,BIOL-UA 26,,003,8233,Staff,W 11:15a-12:05p,Recitation,Open,3
BIOL-UA,BIOL-UA 30,,001,8236,Staff,MW 12:30-1:45p,Lecture,Open,5
BIOL-UA,BIOL-UA 30,,002,8237,Staff,T 8-9:15a,Recitation,Open,5
BIOL-UA,BIOL-UA 30,,003,8238,Staff,T 9:30-10:45a,Recitation,Open,5
BIOL-UA,BIOL-UA 30,,004,8239,Staff,T 11a-12:15p,Recitation,Open,5
BIOL-UA,BIOL-UA 30,,005,8240,Staff,T 12:30-1:45p,Recitation,Open,5
BIOL-UA,BIOL-UA 31,,001,8241,Staff,MW 2-3:45p,Lab,Open,2
BIOL-UA,BIOL-UA 31,,002,8242,Staff,TR 4-5:45p,Lab,Open,2
BIOL-UA,BIOL-UA 44,,001,8243,Staff,MW 12:30-1:45p,Lecture,Open,5
BIOL-UA,BIOL-UA 44,,002,8244,Staff,T 9:30-10:45a,Recitation,Open,5
BIOL-UA,BIOL-UA 44,,003,8245,Staff,F 11a-12:15p,Recitation,Open,5
BIOL-UA,BIOL-UA 44,,004,8246,Staff,T 11a-12:15p,Recitation,Open,5
BIOL-UA,BIOL-UA 44,,005,8247,Staff,F 9:30-10:45a,Recitation,Open,5
BIOL-UA,BIOL-UA 45,,001,8253,Staff,TR 2-3:15p,Lecture,Open,5
BIOL-UA,BIOL-UA 45,,002,8254,Staff,W 9:30-10:45a,Recitation,Open,5
BIOL-UA,BIOL-UA 45,,003,8255,Staff,W 11a-12:15p,Recitation,Open,5
BIOL-UA,BIOL-UA 45,,004,8256,Staff,W 12:30-1:45p,Recitation,Open,5
BIOL-UA,BIOL-UA 45,,005,8257,Staff,W 2-3:15p,Recitation,Open,5
BIOL-UA,BIOL-UA 50,,001,8249,Staff,T 11a-1:45p,Lecture,Open,1
BIOL-UA,BIOL-UA 500,,001,8282,Staff,T 2-4:45p,Lab,Open,1
BIOL-UA,BIOL-UA 525,,001,8287,Staff,TR 11a-12:15p,Seminar,Open,1
BIOL-UA,BIOL-UA 530,,001,8284,Staff,TR 3:30-4:45p,Lecture,Open,1
BIOL-UA,BIOL-UA 573,,001,8288,Staff,TR 2-3:15p,Seminar,Open,1
BIOL-UA,BIOL-UA 63,,001,8250,Staff,TR 11a-12:15p,Lecture,Open,1
BIOL-UA,BIOL-UA 64,,002,5486,Staff,R 5-8p,Lecture,Open,1
BIOL-UA,BIOL-UA 7,,001,8259,Staff,R 12:30-3:15p,Lecture,Open,2
BIOL-UA,BIOL-UA 7,,002,8260,Staff,T 12:30-3:15p,Lecture,Open,2
BIOL-UA,BIOL-UA 70,,001,8261,Staff,M 11a-12:15p; W 11a-1:45p,Lab,Open,2
BIOL-UA,BIOL-UA 70,,002,8262,Staff,M 2-3:15p; W 2-4:45p,Lab,Open,2
BIOL-UA,BIOL-UA 800,,001,22243,Staff,W 6-7:30p,Lecture,Open,1
BIOL-UA,BIOL-UA 902,,001,8286,Staff,R 2:45-4:45p,Lecture,Open,1
BIOL-UA,BIOL-UA 954,,001,8285,Staff,TR 3:30-4:45p,Lab,Open,1
BIOL-UA,BIOL-UA 980,,001,8251,Staff,Does Not Meet,Independent,Open,1
BIOL-UA,BIOL-UA 995,,001,8280,Staff,W 2-4:45p,Lecture,Open,2
BIOL-UA,BIOL-UA 995,,002,8281,Staff,W 2-4:45p,Lecture,Open,2
BIOL-UA,BIOL-UA 997,,001,8248,Staff,Does Not Meet,Independent,Open,1
BIOL-UA,BIOL-UA 999,,001,8252,Staff,R 3:30-4:45p,Independent,Open,1
CAMS-UA,CAMS-UA 101,,001,9107,Staff,TR 11a-12:15p,Lecture,Open,1
CAMS-UA,CAMS-UA 103,,001,9145,Staff,R 2-4:30p,Lecture,Open,1
CAMS-UA,CAMS-UA 104,,001,9138,Staff,MW 9:30-10:45a,Lecture,Open,2
CAMS-UA,CAMS-UA 104,,002,9139,Staff,MW 11a-12:15p,Lecture,Open,2
CAMS-UA,CAMS-UA 105,,001,9150,Staff,TR 9:30-10:45a,Seminar,Open,1
CAMS-UA,CAMS-UA 110,,001,9108,Staff,TR 9:30-10:45a,Lecture,Open,21
CAMS-UA,CAMS-UA 110,,002,9109,Staff,M 2:45-3:35p,Recitation,Open,21
CAMS-UA,CAMS-UA 110,,003,9110,Staff,M 8-8:50a,Recitation,Open,21
CAMS-UA,CAMS-UA 110,,004,9111,Staff,M 9-9:50a,Recitation,Open,21
CAMS-UA,CAMS-UA 110,,005,9112,Staff,M 7:10-8p,Recitation,Open,21
CAMS-UA,CAMS-UA 110,,006,9113,Staff,M 8:10-9p,Recitation,Open,21
CAMS-UA,CAMS-UA 110,,007,9114,Staff,T 8-8:50a,Recitation,Open,21
CAMS-UA,CAMS-UA 110,,008,9115,Staff,T 7:10-8p,Recitation,Open,21
CAMS-UA,CAMS-UA 110,,009,9116,Staff,T 8:10-9p,Recitation,Open,21
CAMS-UA,CAMS-UA 110,,010,9117,Staff,W 8-8:50a,Recitation,Open,21
CAMS-UA,CAMS-UA 110,,011,9118,Staff,W 9-9:50a,Recitation,Open,21
CAMS-UA,CAMS-UA 110,,012,9119,Staff,W 7:10-8p,Recitation,Open,21
CAMS-UA,CAMS-UA 110,,013,9120,Staff,W 8:10-9p,Recitation,Open,21
CAMS-UA,CAMS-UA 110,,014,9121,Staff,M 3:45-4:35p,Recitation,Open,21
CAMS-UA,CAMS-UA 110,,015,9122,Staff,R 7:10-8p,Recitation,Open,21
CAMS-UA,CAMS-UA 110,,016,9123,Staff,R 8-8:50a,Recitation,Open,21
CAMS-UA,CAMS-UA 110,,017,9124,Staff,R 8:10-9p,Recitation,Open,21
CAMS-UA,CAMS-UA 110,,018,9125,Staff,F 8-8:50a,Recitation,Open,21
CAMS-UA,CAMS-UA 110,,019,9126,Staff,F 9-9:50a,Recitation,Open,21
CAMS-UA,CAMS-UA 110,,020,9127,Staff,F 2:45-3:35p,Recitation,Open,21
CAMS-UA,CAMS-UA 110,,021,9128,Staff,F 3:45-4:35p,Recitation,Open,21
CAMS-UA,CAMS-UA 114,,001,9173,Staff,TR 9:30-10:45a,Seminar,Open,5
CAMS-UA,CAMS-UA 114,,002,9174,Staff,TR 12:30-1:45p,Seminar,Open,5
CAMS-UA,CAMS-UA 114,,003,9175,Staff,TR 4:55-6:10p,Seminar,Open,5
CAMS-UA,CAMS-UA 114,,006,9176,Staff,MW 9:30-10:45a,Seminar,Open,5
CAMS-UA,CAMS-UA 114,,007,9177,Staff,MW 11a-12:15p,Seminar,Open,5
CAMS-UA,CAMS-UA 120,,001,9129,Staff,TR 9:30-10:45a,Lecture,Open,1
CAMS-UA,CAMS-UA 133,,001,9130,Staff,MW 4:55-6:10p,Lecture,Open,1
CAMS-UA,CAMS-UA 134,,001,9140,Staff,MW 11a-12:15p,Seminar,Open,1
CAMS-UA,CAMS-UA 135,,001,9193,Staff,TR 8-9:15a,Seminar,Open,1
CAMS-UA,CAMS-UA 141,,001,9131,Staff,T 2-4:30p,Lecture,Open,1
CAMS-UA,CAMS-UA 142,,001,9141,Staff,TR 12:30-1:45p,Lecture,Open,1
CAMS-UA,CAMS-UA 143,,001,9142,Staff,F 2-4:30p,Lecture,Open,1
CAMS-UA,CAMS-UA 144,,001,9143,Staff,TR 12:30-1:45p,Lecture,Open,1
CAMS-UA,CAMS-UA 145,,001,22053,Staff,TR 8-9:15a,Seminar,Open,1
CAMS-UA,CAMS-UA 146,,001,9148,Staff,MW 9:30-10:45a,Seminar,Open,1
CAMS-UA,CAMS-UA 147,,001,9154,Staff,R 4:55-7:25p,Seminar,Open,15
CAMS-UA,CAMS-UA 147,,002,9155,Staff,TR 8-9:15a,Seminar,Open,15
CAMS-UA,CAMS-UA 147,,003,9156,Staff,TR 9:30-10:45a,Seminar,Open,15
CAMS-UA,CAMS-UA 147,,004,9157,Staff,MW 6:20-7:35p,Seminar,Open,15
CAMS-UA,CAMS-UA 147,,005,9158,Staff,TR 9:30-10:45a,Seminar,Open,15
CAMS-UA,CAMS-UA 147,,006,9159,Staff,MW 6:20-7:35p,Seminar,Open,15
CAMS-UA,CAMS-UA 147,,007,9160,Staff,TR 9:30-10:45a,Seminar,Open,15
CAMS-UA,CAMS-UA 147,,008,9161,Staff,MW 11a-12:15p,Seminar,Open,15
CAMS-UA,CAMS-UA 147,,009,9162,Staff,MW 4:55-6:10p,Seminar,Open,15
CAMS-UA,CAMS-UA 147,,010,9163,Staff,T 6:20-8:50p,Seminar,Open,15
CAMS-UA,CAMS-UA 147,,011,9164,Staff,MW 9:30-10:45a,Seminar,Open,15
CAMS-UA,CAMS-UA 147,,012,9165,Staff,R 6:20-8:50p,Seminar,Open,15
CAMS-UA,CAMS-UA 147,,013,9166,Staff,MW 2-3:15p,Seminar,Open,15
CAMS-UA,CAMS-UA 147,,014,9167,Staff,TR 3:30-4:45p,Seminar,Open,15
CAMS-UA,CAMS-UA 147,,015,9168,Staff,TR 11a-12:15p,Seminar,Open,15
CAMS-UA,CAMS-UA 148,,001,9171,Staff,TR 9:30-10:45a,Seminar,Open,1
CAMS-UA,CAMS-UA 149,,001,9184,Staff,T 6:20-8:50p,Seminar,Open,1
CAMS-UA,CAMS-UA 150,,001,9133,Staff,TR 11a-12:15p,Lecture,Open,1
CAMS-UA,CAMS-UA 151,,001,9153,Staff,TR 12:30-1:45p,Seminar,Open,1
CAMS-UA,CAMS-UA 152,,001,9170,Staff,TR 4:55-6:10p,Lecture,Open,1
CAMS-UA,CAMS-UA 153,,001,9172,Staff,MW 12:30-1:45p,Seminar,Open,1
CAMS-UA,CAMS-UA 154,,001,9152,Staff,MW 8-9:15a,Seminar,Open,1
CAMS-UA,CAMS-UA 155,,001,9186,Staff,MW 12:30-1:45p,Seminar,Open,1
CAMS-UA,CAMS-UA 161,,001,9134,Staff,R 2-4:30p,Lecture,Open,1
CAMS-UA,CAMS-UA 162,,001,9144,Staff,TR 11a-12:15p,Lecture,Open,1
CAMS-UA,CAMS-UA 170,,001,9146,Staff,TR 12:30-1:45p,Lecture,Open,1
CAMS-UA,CAMS-UA 180,,001,9135,Staff,TR 11a-12:15p,Lecture,Open,1
CAMS-UA,CAMS-UA 190,,001,9192,Staff,MW 2-3:15p,Seminar,Open,1
CAMS-UA,CAMS-UA 191,,001,9132,Staff,MW 9:30-10:45a,Lecture,Open,1
CAMS-UA,CAMS-UA 192,,001,9169,Staff,M 4:55-7:25p,Seminar,Open,1
CAMS-UA,CAMS-UA 201,,001,9136,Staff,W 2-4:45p,Seminar,Open,1
CAMS-UA,CAMS-UA 202,,001,9137,Staff,MW 12:30-1:45p,Seminar,Open,1
CAMS-UA,CAMS-UA 203,,001,9149,Staff,MW 3:30-4:45p,Seminar,Open,1
CAMS-UA,CAMS-UA 205,,001,9147,Staff,MW 11a-12:15p,Seminar,Open,1
CAMS-UA,CAMS-UA 206,,001,9151,Staff,M 6:20-8:50p,Seminar,Open,1
CAMS-UA,CAMS-UA 501,,001,9178,Staff,F 11a-1:30p,Seminar,Open,6
CAMS-UA,CAMS-UA 501,,002,9179,Staff,F 11a-1:30p,Seminar,Open,6
CAMS-UA,CAMS-UA 501,,003,9180,Staff,F 11a-1:30p,Seminar,Open,6
CAMS-UA,CAMS-UA 501,,004,9181,Staff,F 11a-1:30p,Seminar,Open,6
CAMS-UA,CAMS-UA 501,,005,9182,Staff,F 11a-1:30p,Seminar,Open,6
CAMS-UA,CAMS-UA 501,,006,9183,Staff,F 11a-1:30p,Seminar,Open,6
CAMS-UA,CAMS-UA 502,,001,9185,Staff,M 4:55-6:10p,Lecture,Open,1
CAMS-UA,CAMS-UA 503,,001,9187,Staff,M 3:30-4:45p,Seminar,Open,1
CAMS-UA,CAMS-UA 504,,001,9188,Staff,R 8-9:15a,Seminar,Open,3
CAMS-UA,CAMS-UA 504,,002,9189,Staff,M 9:30-10:45a,Seminar,Open,3
CAMS-UA,CAMS-UA 504,,003,9190,Staff,T 2-3:15p,Seminar,Open,3
CAMS-UA,CAMS-UA 505,,001,9191,Staff,T 2-3:15p,Lecture,Open,1
CAMS-UA,CAMS-UA 506,,001,9196,Staff,T 12:30-1:45p,Seminar,Open,1
CAMS-UA,CAMS-UA 507,,001,9197,Staff,W 8-9:15a,Seminar,Open,1
CAMS-UA,CAMS-UA 508,,001,9194,Staff,W 12:30-1:45p,Seminar,Open,1
CAMS-UA,CAMS-UA 997,,001,9195,Staff,Does Not Meet,Independent,Open,1
CHEM-UA,CHEM-UA 120,,001,8870,Staff,F 9:15a-12:15p,Lecture,Open,9
CHEM-UA,CHEM-UA 120,,201,8871,Staff,F 2:15-4:30p,Lab,Open,9
CHEM-UA,CHEM-UA 120,,202,8872,Staff,F 2:15-4:30p,Lab,Open,9
CHEM-UA,CHEM-UA 120,,203,8873,Staff,F 2:15-4:30p,Lab,Open,9
CHEM-UA,CHEM-UA 120,,204,8874,Staff,F 2:15-4:30p,Lab,Open,9
CHEM-UA,CHEM-UA 120,,207,8876,Staff,F 4:45-7p,Lab,Open,9
CHEM-UA,CHEM-UA 120,,208,8877,Staff,F 4:45-7p,Lab,Open,9
CHEM-UA,CHEM-UA 120,,209,8878,Staff,F 4:45-7p,Lab,Open,9
CHEM-UA,CHEM-UA 120,,210,8879,Staff,F 4:45-7p,Lab,Open,9
CHEM-UA,CHEM-UA 125,,001,8663,Staff,TR 8-9:15a; F 2-4p,Lecture,Open,37
CHEM-UA,CHEM-UA 125,,113,8675,Staff,F 8-9:15a,Recitation,Open,37
CHEM-UA,CHEM-UA 125,,117,8679,Staff,F 8-9:15a,Recitation,Open,37
CHEM-UA,CHEM-UA 125,,118,8680,Staff,F 9:30-10:45a,Recitation,Open,37
CHEM-UA,CHEM-UA 125,,119,8681,Staff,F 11a-12:15p,Recitation,Open,37
CHEM-UA,CHEM-UA 125,,120,8682,Staff,F 12:30-1:45p,Recitation,Open,37
CHEM-UA,CHEM-UA 125,,122,8685,Staff,F 9:30-10:45a,Recitation,Open,37
CHEM-UA,CHEM-UA 125,,123,8686,Staff,F 11a-12:15p,Recitation,Open,37
CHEM-UA,CHEM-UA 125,,124,8687,Staff,F 12:30-1:45p,Recitation,Open,37
CHEM-UA,CHEM-UA 125,,125,8684,Staff,F 8-9:15a,Recitation,Open,37
CHEM-UA,CHEM-UA 125,,126,8688,Staff,F 9:30-10:45a,Recitation,Open,37
CHEM-UA,CHEM-UA 125,,127,8689,Staff,F 11a-12:15p,Recitation,Open,37
CHEM-UA,CHEM-UA 125,,128,8690,Staff,F 12:30-1:45p,Recitation,Open,37
CHEM-UA,CHEM-UA 125,,129,8691,Staff,F 8-9:15a,Recitation,Open,37
CHEM-UA,CHEM-UA 125,,130,8692,Staff,F 9:30-10:45a,Recitation,Open,37
CHEM-UA,CHEM-UA 125,,131,8693,Staff,F 11a-12:15p,Recitation,Open,37
CHEM-UA,CHEM-UA 125,,204,8697,Staff,M 8-11:45a,Lab,Open,37
CHEM-UA,CHEM-UA 125,,211,8704,Staff,M 12-3:45p,Lab,Open,37
CHEM-UA,CHEM-UA 125,,212,8705,Staff,M 12-3:45p,Lab,Open,37
CHEM-UA,CHEM-UA 125,,216,8709,Staff,T 11a-2:45p,Lab,Open,37
CHEM-UA,CHEM-UA 125,,217,8710,Staff,T 11a-2:45p,Lab,Open,37
CHEM-UA,CHEM-UA 125,,218,8711,Staff,T 11a-2:45p,Lab,Open,37
CHEM-UA,CHEM-UA 125,,219,8712,Staff,T 3-6:45p,Lab,Open,37
CHEM-UA,CHEM-UA 125,,223,8717,Staff,T 3-6:45p,Lab,Open,37
CHEM-UA,CHEM-UA 125,,224,8718,Staff,T 3-6:45p,Lab,Open,37
CHEM-UA,CHEM-UA 125,,231,8722,Staff,W 12-3:45p,Lab,Open,37
CHEM-UA,CHEM-UA 125,,232,8723,Staff,W 12-3:45p,Lab,Open,37
CHEM-UA,CHEM-UA 125,,236,8727,Staff,R 9:30a-1:15p,Lab,Open,37
CHEM-UA,CHEM-UA 125,,237,8728,Staff,R 9:30a-1:15p,Lab,Open,37
CHEM-UA,CHEM-UA 125,,238,8729,Staff,R 9:30a-1:15p,Lab,Open,37
CHEM-UA,CHEM-UA 125,,242,8733,Staff,R 1:30-5:15p,Lab,Open,37
CHEM-UA,CHEM-UA 125,,243,8734,Staff,R 1:30-5:15p,Lab,Open,37
CHEM-UA,CHEM-UA 125,,244,8735,Staff,R 1:30-5:15p,Lab,Open,37
CHEM-UA,CHEM-UA 125,,247,8738,Staff,M 4-7:45p,Lab,Open,37
CHEM-UA,CHEM-UA 125,,248,8739,Staff,M 4-7:45p,Lab,Open,37
CHEM-UA,CHEM-UA 125,,249,8740,Staff,M 4-7:45p,Lab,Open,37
CHEM-UA,CHEM-UA 125,,250,8741,Staff,M 4-7:45p,Lab,Open,37
CHEM-UA,CHEM-UA 126,,001,8742,Staff,TR 8-9:15a; F 2-4p,Lecture,Open,18
CHEM-UA,CHEM-UA 126,,101,8743,Staff,M 8-9:15a,Recitation,Open,18
CHEM-UA,CHEM-UA 126,,102,8744,Staff,M 9:30-10:45a,Recitation,Open,18
CHEM-UA,CHEM-UA 126,,103,8745,Staff,M 11a-12:15p,Recitation,Open,18
CHEM-UA,CHEM-UA 126,,104,8746,Staff,M 12:30-1:45p,Recitation,Open,18
CHEM-UA,CHEM-UA 126,,105,8747,Staff,M 8-9:15a,Recitation,Open,18
CHEM-UA,CHEM-UA 126,,106,8749,Staff,M 9:30-10:45a,Recitation,Open,18
CHEM-UA,CHEM-UA 126,,107,8750,Staff,M 11a-12:15p,Recitation,Open,18
CHEM-UA,CHEM-UA 126,,201,8751,Staff,F 9:30a-1:15p,Lab,Open,18
CHEM-UA,CHEM-UA 126,,202,8748,Staff,F 9:30a-1:15p,Lab,Open,18
CHEM-UA,CHEM-UA 126,,203,8752,Staff,F 9:30a-1:15p,Lab,Open,18
CHEM-UA,CHEM-UA 126,,204,8753,Staff,F 9:30a-1:15p,Lab,Open,18
CHEM-UA,CHEM-UA 126,,205,8754,Staff,F 9:30a-1:15p,Lab,Open,18
CHEM-UA,CHEM-UA 126,,206,8755,Staff,F 9:30a-1:15p,Lab,Open,18
CHEM-UA,CHEM-UA 126,,220,8756,Staff,W 8-11:45a,Lab,Open,18
CHEM-UA,CHEM-UA 126,,221,8757,Staff,W 8-11:45a,Lab,Open,18
CHEM-UA,CHEM-UA 126,,222,8758,Staff,W 8-11:45a,Lab,Open,18
CHEM-UA,CHEM-UA 126,,223,8759,Staff,W 8-11:45a,Lab,Open,18
CHEM-UA,CHEM-UA 140,,001,8891,Staff,MW 12:30-1:45p; F 2-4p,Lecture,Open,2
CHEM-UA,CHEM-UA 140,,101,8892,Staff,T 3:30-4:45p,Recitation,Open,2
CHEM-UA,CHEM-UA 210,,001,8880,Staff,TR 2-3:15p,Lecture,Open,3
CHEM-UA,CHEM-UA 210,,201,8881,Staff,F 2:15-4:30p,Lab,Open,3
CHEM-UA,CHEM-UA 210,,202,8882,Staff,F 2:15-4:30p,Lab,Open,3
CHEM-UA,CHEM-UA 225,,001,8760,Staff,TR 8-9:15a; F 2-4p,Lecture,Open,62
CHEM-UA,CHEM-UA 225,,002,8761,Staff,TR 11a-12:15p; F 2-4p,Lecture,Open,62
CHEM-UA,CHEM-UA 225,,003,8762,Staff,TR 4:55-6:10p; F 2-4p,Lecture,Open,62
CHEM-UA,CHEM-UA 225,,101,8763,Staff,F 8-9:15a,Recitation,Open,62
CHEM-UA,CHEM-UA 225,,102,8764,Staff,F 9:30-10:45a,Recitation,Open,62
CHEM-UA,CHEM-UA 225,,103,8765,Staff,F 11a-12:15p,Recitation,Open,62
CHEM-UA,CHEM-UA 225,,104,8766,Staff,F 12:30-1:45p,Recitation,Open,62
CHEM-UA,CHEM-UA 225,,105,8767,Staff,F 8-9:15a,Recitation,Open,62
CHEM-UA,CHEM-UA 225,,106,8768,Staff,F 9:30-10:45a,Recitation,Open,62
CHEM-UA,CHEM-UA 225,,107,8769,Staff,F 11a-12:15p,Recitation,Open,62
CHEM-UA,CHEM-UA 225,,108,8770,Staff,F 8-9:15a,Recitation,Open,62
CHEM-UA,CHEM-UA 225,,109,8771,Staff,F 9:30-10:45a,Recitation,Open,62
CHEM-UA,CHEM-UA 225,,110,8772,Staff,F 11a-12:15p,Recitation,Open,62
CHEM-UA,CHEM-UA 225,,111,8773,Staff,F 12:30-1:45p,Recitation,Open,62
CHEM-UA,CHEM-UA 225,,112,8774,Staff,F 8-9:15a,Recitation,Open,62
CHEM-UA,CHEM-UA 225,,120,8776,Staff,F 8-9:15a,Recitation,Open,62
CHEM-UA,CHEM-UA 225,,121,8777,Staff,F 9:30-10:45a,Recitation,Open,62
CHEM-UA,CHEM-UA 225,,122,8778,Staff,F 11a-12:15p,Recitation,Open,62
CHEM-UA,CHEM-UA 225,,123,8775,Staff,F 12:30-1:45p,Recitation,Open,62
CHEM-UA,CHEM-UA 225,,124,8779,Staff,F 12:30-1:45p,Recitation,Open,62
CHEM-UA,CHEM-UA 225,,125,8780,Staff,F 8-9:15a,Recitation,Open,62
CHEM-UA,CHEM-UA 225,,126,8781,Staff,F 9:30-10:45a,Recitation,Open,62
CHEM-UA,CHEM-UA 225,,128,8782,Staff,F 9:30-10:45a,Recitation,Open,62
CHEM-UA,CHEM-UA 225,,129,8783,Staff,F 11a-12:15p,Recitation,Open,62
CHEM-UA,CHEM-UA 225,,130,8784,Staff,F 12:30-1:45p,Recitation,Open,62
CHEM-UA,CHEM-UA 225,,131,8785,Staff,F 11a-12:15p,Recitation,Open,62
CHEM-UA,CHEM-UA 225,,213,8786,Staff,T 9:30a-1:45p,Lab,Open,62
CHEM-UA,CHEM-UA 225,,214,8787,Staff,T 9:30a-1:45p,Lab,Open,62
CHEM-UA,CHEM-UA 225,,215,8788,Staff,T 9:30a-1:45p,Lab,Open,62
CHEM-UA,CHEM-UA 225,,216,8789,Staff,T 9:30a-1:45p,Lab,Open,62
CHEM-UA,CHEM-UA 225,,217,8790,Staff,T 9:30a-1:45p,Lab,Open,62
CHEM-UA,CHEM-UA 225,,218,8791,Staff,T 9:30a-1:45p,Lab,Open,62
CHEM-UA,CHEM-UA 225,,219,8792,Staff,T 2:30-6:45p,Lab,Open,62
CHEM-UA,CHEM-UA 225,,220,8793,Staff,T 2:30-6:45p,Lab,Open,62
CHEM-UA,CHEM-UA 225,,221,8794,Staff,T 2:30-6:45p,Lab,Open,62
CHEM-UA,CHEM-UA 225,,222,8795,Staff,T 2:30-6:45p,Lab,Open,62
CHEM-UA,CHEM-UA 225,,223,8796,Staff,T 2:30-6:45p,Lab,Open,62
CHEM-UA,CHEM-UA 225,,224,8797,Staff,T 2:30-6:45p,Lab,Open,62
CHEM-UA,CHEM-UA 225,,225,8798,Staff,W 9:30a-1:45p,Lab,Open,62
CHEM-UA,CHEM-UA 225,,226,8799,Staff,W 9:30a-1:45p,Lab,Open,62
CHEM-UA,CHEM-UA 225,,227,8800,Staff,W 9:30a-1:45p,Lab,Open,62
CHEM-UA,CHEM-UA 225,,228,8801,Staff,W 9:30a-1:45p,Lab,Open,62
CHEM-UA,CHEM-UA 225,,229,8802,Staff,W 9:30a-1:45p,Lab,Open,62
CHEM-UA,CHEM-UA 225,,230,8803,Staff,W 9:30a-1:45p,Lab,Open,62
CHEM-UA,CHEM-UA 225,,231,8804,Staff,W 2:30-6:45p,Lab,Open,62
CHEM-UA,CHEM-UA 225,,232,8805,Staff,W 2:30-6:45p,Lab,Open,62
CHEM-UA,CHEM-UA 225,,233,8806,Staff,W 2:30-6:45p,Lab,Open,62
CHEM-UA,CHEM-UA 225,,234,8808,Staff,W 2:30-6:45p,Lab,Open,62
CHEM-UA,CHEM-UA 225,,235,8809,Staff,W 2:30-6:45p,Lab,Open,62
CHEM-UA,CHEM-UA 225,,236,8810,Staff,W 2:30-6:45p,Lab,Open,62
CHEM-UA,CHEM-UA 225,,241,8807,Staff,R 2:30-6:45p,Lab,Open,62
CHEM-UA,CHEM-UA 225,,242,8811,Staff,R 2:30-6:45p,Lab,Open,62
CHEM-UA,CHEM-UA 225,,244,8812,Staff,R 2:30-6:45p,Lab,Open,62
CHEM-UA,CHEM-UA 225,,245,8813,Staff,R 2:30-6:45p,Lab,Open,62
CHEM-UA,CHEM-UA 225,,246,8814,Staff,R 2:30-6:45p,Lab,Open,62
CHEM-UA,CHEM-UA 225,,247,8815,Staff,R 2:30-6:45p,Lab,Open,62
CHEM-UA,CHEM-UA 225,,248,8816,Staff,R 9:30a-1:45p,Lab,Open,62
CHEM-UA,CHEM-UA 225,,249,8817,Staff,R 9:30a-1:45p,Lab,Open,62
CHEM-UA,CHEM-UA 225,,250,8818,Staff,R 9:30a-1:45p,Lab,Open,62
CHEM-UA,CHEM-UA 225,,251,8819,Staff,R 9:30a-1:45p,Lab,Open,62
CHEM-UA,CHEM-UA 225,,252,8820,Staff,R 9:30a-1:45p,Lab,Open,62
CHEM-UA,CHEM-UA 225,,253,8821,Staff,R 9:30a-1:45p,Lab,Open,62
CHEM-UA,CHEM-UA 226,,001,8822,Staff,TR 2-3:15p; F 2-4p,Lecture,Open,17
CHEM-UA,CHEM-UA 226,,101,8823,Staff,W 8-9:15a,Recitation,Open,17
CHEM-UA,CHEM-UA 226,,102,8824,Staff,W 9:30-10:45a,Recitation,Open,17
CHEM-UA,CHEM-UA 226,,103,8825,Staff,W 11a-12:15p,Recitation,Open,17
CHEM-UA,CHEM-UA 226,,104,8826,Staff,W 12:30-1:45p,Recitation,Open,17
CHEM-UA,CHEM-UA 226,,105,8827,Staff,W 8-9:15a,Recitation,Open,17
CHEM-UA,CHEM-UA 226,,106,8828,Staff,W 11a-12:15p,Recitation,Open,17
CHEM-UA,CHEM-UA 226,,107,8829,Staff,W 12:30-1:45p,Recitation,Open,17
CHEM-UA,CHEM-UA 226,,202,8831,Staff,F 9:30a-1:45p,Lab,Open,17
CHEM-UA,CHEM-UA 226,,203,8832,Staff,F 9:30a-1:45p,Lab,Open,17
CHEM-UA,CHEM-UA 226,,204,8833,Staff,F 9:30a-1:45p,Lab,Open,17
CHEM-UA,CHEM-UA 226,,205,8834,Staff,F 9:30a-1:45p,Lab,Open,17
CHEM-UA,CHEM-UA 226,,206,8835,Staff,F 9:30a-1:45p,Lab,Open,17
CHEM-UA,CHEM-UA 226,,208,8836,Staff,M 9:30a-1:45p,Lab,Open,17
CHEM-UA,CHEM-UA 226,,209,8837,Staff,M 9:30a-1:45p,Lab,Open,17
CHEM-UA,CHEM-UA 226,,210,8838,Staff,M 9:30a-1:45p,Lab,Open,17
CHEM-UA,CHEM-UA 226,,212,21638,Staff,M 9:30a-1:45p,Lab,Open,17
CHEM-UA,CHEM-UA 227,,001,8883,Staff,MWF 11a-12:15p; F 2-4p,Lecture,Open,4
CHEM-UA,CHEM-UA 227,,201,8884,Staff,M 2:30-6:45p,Lab,Open,4
CHEM-UA,CHEM-UA 227,,202,8885,Staff,M 2:30-6:45p,Lab,Open,4
CHEM-UA,CHEM-UA 227,,203,8886,Staff,M 2:30-6:45p,Lab,Open,4
CHEM-UA,CHEM-UA 652,,001,8654,Staff,TR 9:30-10:45a,Lecture,Open,4
CHEM-UA,CHEM-UA 652,,102,8655,Staff,M 8-9:15a,Recitation,Open,4
CHEM-UA,CHEM-UA 652,,103,8656,Staff,M 9:30-10:45a,Recitation,Open,4
CHEM-UA,CHEM-UA 652,,104,8657,Staff,M 11a-12:15p,Recitation,Open,4
CHEM-UA,CHEM-UA 661,,001,8862,Staff,F 9:30-10:45a,Lecture,Open,7
CHEM-UA,CHEM-UA 661,,201,8863,Staff,T 11a-2:30p,Lab,Open,7
CHEM-UA,CHEM-UA 661,,202,8864,Staff,T 11a-2:30p,Lab,Open,7
CHEM-UA,CHEM-UA 661,,203,8865,Staff,M 2:15-5:45p,Lab,Open,7
CHEM-UA,CHEM-UA 661,,204,8866,Staff,M 2:15-5:45p,Lab,Open,7
CHEM-UA,CHEM-UA 661,,205,8867,Staff,T 3:30-7p,Lab,Open,7
CHEM-UA,CHEM-UA 661,,206,8868,Staff,T 3:30-7p,Lab,Open,7
CHEM-UA,CHEM-UA 752,,001,8658,Staff,M 12:30-1:45p,Lecture,Open,2
CHEM-UA,CHEM-UA 752,,201,8659,Staff,W 2-4:30p,Lab,Open,2
CHEM-UA,CHEM-UA 828,,001,8888,Staff,TR 8-9:15a,Lecture,Open,4
CHEM-UA,CHEM-UA 828,,102,8889,Staff,W 8-9:15a,Recitation,Open,4
CHEM-UA,CHEM-UA 828,,103,8890,Staff,W 9:30-10:45a,Recitation,Open,4
CHEM-UA,CHEM-UA 828,,104,21808,Staff,T 3:30-4:45p,Recitation,Open,4
CHEM-UA,CHEM-UA 860,,001,8893,Staff,TR 9:30-10:45a,Lecture,Open,3
CHEM-UA,CHEM-UA 860,,101,8894,Staff,W 8-9:15a,Recitation,Open,3
CHEM-UA,CHEM-UA 860,,102,8895,Staff,W 9:30-10:45a,Recitation,Open,3
CHEM-UA,CHEM-UA 881,,001,8840,Staff,TR 4:55-6:10p; F 2-4p,Lecture,Open,13
CHEM-UA,CHEM-UA 881,,101,8841,Staff,M 9:30-10:45a,Recitation,Open,13
CHEM-UA,CHEM-UA 881,,103,8842,Staff,M 12:30-1:45p,Recitation,Open,13
CHEM-UA,CHEM-UA 881,,104,8843,Staff,M 9:30-10:45a,Recitation,Open,13
CHEM-UA,CHEM-UA 881,,105,8844,Staff,M 2-3:15p,Recitation,Open,13
CHEM-UA,CHEM-UA 881,,107,8845,Staff,T 12:30-1:45p,Recitation,Open,13
CHEM-UA,CHEM-UA 881,,109,8846,Staff,T 11a-12:15p,Recitation,Open,13
CHEM-UA,CHEM-UA 881,,110,8847,Staff,T 2-3:15p,Recitation,Open,13
CHEM-UA,CHEM-UA 881,,111,8848,Staff,M 12:30-1:45p,Recitation,Open,13
CHEM-UA,CHEM-UA 881,,112,8849,Staff,M 2-3:15p,Recitation,Open,13
CHEM-UA,CHEM-UA 881,,113,8850,Staff,T 12:30-1:45p,Recitation,Open,13
CHEM-UA,CHEM-UA 881,,114,8851,Staff,T 11a-12:15p,Recitation,Open,13
CHEM-UA,CHEM-UA 881,,115,8852,Staff,T 2-3:15p,Recitation,Open,13
CHEM-UA,CHEM-UA 885,,001,8853,Staff,F 12:30-1:45p,Lecture,Open,9
CHEM-UA,CHEM-UA 885,,201,8854,Staff,W 9:30a-1:45p,Lab,Open,9
CHEM-UA,CHEM-UA 885,,202,8855,Staff,W 9:30a-1:45p,Lab,Open,9
CHEM-UA,CHEM-UA 885,,205,8856,Staff,R 9:30a-1:45p,Lab,Open,9
CHEM-UA,CHEM-UA 885,,206,8857,Staff,R 9:30a-1:45p,Lab,Open,9
CHEM-UA,CHEM-UA 885,,207,8858,Staff,W 2:30-6:45p,Lab,Open,9
CHEM-UA,CHEM-UA 885,,208,8859,Staff,W 2:30-6:45p,Lab,Open,9
CHEM-UA,CHEM-UA 885,,209,8860,Staff,R 2:30-6:45p,Lab,Open,9
CHEM-UA,CHEM-UA 885,,210,8861,Staff,R 2:30-6:45p,Lab,Open,9
CHEM-UA,CHEM-UA 995,,001,8660,Staff,W 8-9:15a,Seminar,Open,1
CHEM-UA,CHEM-UA 997,,001,8661,Staff,Does Not Meet,Independent,Open,1
CHEM-UA,CHEM-UA 999,,001,8869,Staff,Does Not Meet,Independent,Open,1
CLASS-UA,CLASS-UA 146,,001,9634,Staff,MW 9:30-10:45a,Lecture,Open,1
CLASS-UA,CLASS-UA 242,,001,9636,Staff,TR 2-3:15p,Lecture,Open,1
CLASS-UA,CLASS-UA 291,,001,9637,Staff,TR 9:30-10:45a,Seminar,Open,1
CLASS-UA,CLASS-UA 293,,001,9638,Staff,R 2-4:30p,Seminar,Open,1
CLASS-UA,CLASS-UA 295,,001,9639,Staff,Does Not Meet,Seminar,Open,1
CLASS-UA,CLASS-UA 296,,001,21193,Staff,MW 9:30-10:45a,Seminar,Open,1
CLASS-UA,CLASS-UA 3,,001,9628,Staff,MTWR 8-9:15a,Lecture,Open,2
CLASS-UA,CLASS-UA 3,,002,9629,Staff,MTWR 12:30-1:45p,Lecture,Open,2
CLASS-UA,CLASS-UA 305,,001,9640,Staff,MW 11a-12:15p,Lecture,Open,1
CLASS-UA,CLASS-UA 404,,001,9650,Staff,TR 12:30-1:45p,Lecture,Open,1
CLASS-UA,CLASS-UA 5,,001,9630,Staff,TRF 11a-12:15p,Lecture,Open,2
CLASS-UA,CLASS-UA 5,,002,9631,Staff,MWF 3:30-4:45p,Lecture,Open,2
CLASS-UA,CLASS-UA 650,,001,21340,Staff,MW 9:30-10:45a,Lecture,Open,1
CLASS-UA,CLASS-UA 7,,001,9632,Staff,MTWR 9:30-10:45a,Lecture,Open,1
CLASS-UA,CLASS-UA 873,,001,9641,Staff,TR 2-3:15p,Seminar,Open,1
CLASS-UA,CLASS-UA 891,,001,9642,Staff,Does Not Meet,Independent,Open,1
CLASS-UA,CLASS-UA 893,,001,9643,Staff,Does Not Meet,Independent,Open,1
CLASS-UA,CLASS-UA 9,,001,9633,Staff,MWF 2-3:15p,Lecture,Open,1
CLASS-UA,CLASS-UA 973,,001,9644,Staff,MW 11a-12:15p,Seminar,Open,1
CLASS-UA,CLASS-UA 991,,001,9645,Staff,Does Not Meet,Independent,Open,1
CLASS-UA,CLASS-UA 997,,001,9646,Staff,Does Not Meet,Independent,Open,2
CLASS-UA,CLASS-UA 997,,002,9647,Staff,Does Not Meet,Independent,Open,2
COHRT-UA,COHRT-UA 10,,001,10810,Staff,M 9:30-10:45a,Seminar,Open,48
COHRT-UA,COHRT-UA 10,,002,10811,Staff,M 9:30-10:45a,Seminar,Open,48
COHRT-UA,COHRT-UA 10,,003,10812,Staff,M 11a-12:15p,Seminar,Open,48
COHRT-UA,COHRT-UA 10,,004,10813,Staff,M 11a-12:15p,Seminar,Open,48
COHRT-UA,COHRT-UA 10,,005,10814,Staff,M 12:30-1:45p,Seminar,Open,48
COHRT-UA,COHRT-UA 10,,006,10815,Staff,M 12:30-1:45p,Seminar,Open,48
COHRT-UA,COHRT-UA 10,,007,10816,Staff,M 2-3:15p,Seminar,Open,48
COHRT-UA,COHRT-UA 10,,008,10817,Staff,M 2-3:15p,Seminar,Open,48
COHRT-UA,COHRT-UA 10,,009,10818,Staff,M 3:30-4:45p,Seminar,Open,48
COHRT-UA,COHRT-UA 10,,010,10819,Staff,M 3:30-4:45p,Seminar,Open,48
COHRT-UA,COHRT-UA 10,,011,10820,Staff,M 4:55-6:10p,Seminar,Open,48
COHRT-UA,COHRT-UA 10,,012,10821,Staff,M 4:55-6:10p,Seminar,Open,48
COHRT-UA,COHRT-UA 10,,013,10822,Staff,T 9:30-10:45a,Seminar,Open,48
COHRT-UA,COHRT-UA 10,,014,10823,Staff,T 9:30-10:45a,Seminar,Open,48
COHRT-UA,COHRT-UA 10,,015,10824,Staff,T 11a-12:15p,Seminar,Open,48
COHRT-UA,COHRT-UA 10,,016,10825,Staff,T 11a-12:15p,Seminar,Open,48
COHRT-UA,COHRT-UA 10,,017,10826,Staff,T 12:30-1:45p,Seminar,Open,48
COHRT-UA,COHRT-UA 10,,018,10827,Staff,T 12:30-1:45p,Seminar,Open,48
COHRT-UA,COHRT-UA 10,,019,10828,Staff,T 2-3:15p,Seminar,Open,48
COHRT-UA,COHRT-UA 10,,020,10829,Staff,T 2-3:15p,Seminar,Open,48
COHRT-UA,COHRT-UA 10,,021,10830,Staff,T 3:30-4:45p,Seminar,Open,48
COHRT-UA,COHRT-UA 10,,022,10831,Staff,T 3:30-4:45p,Seminar,Open,48
COHRT-UA,COHRT-UA 10,,023,10832,Staff,T 4:55-6:10p,Seminar,Open,48
COHRT-UA,COHRT-UA 10,,024,10833,Staff,T 4:55-6:10p,Seminar,Open,48
COHRT-UA,COHRT-UA 10,,025,10834,Staff,W 9:30-10:45a,Seminar,Open,48
COHRT-UA,COHRT-UA 10,,026,10835,Staff,W 9:30-10:45a,Seminar,Open,48
COHRT-UA,COHRT-UA 10,,027,10836,Staff,W 11a-12:15p,Seminar,Open,48
COHRT-UA,COHRT-UA 10,,028,10837,Staff,W 11a-12:15p,Seminar,Open,48
COHRT-UA,COHRT-UA 10,,029,10838,Staff,W 12:30-1:45p,Seminar,Open,48
COHRT-UA,COHRT-UA 10,,030,10839,Staff,W 12:30-1:45p,Seminar,Open,48
COHRT-UA,COHRT-UA 10,,031,10840,Staff,W 2-3:15p,Seminar,Open,48
COHRT-UA,COHRT-UA 10,,032,10841,Staff,W 2-3:15p,Seminar,Open,48
COHRT-UA,COHRT-UA 10,,033,10842,Staff,W 3:30-4:45p,Seminar,Open,48
COHRT-UA,COHRT-UA 10,,034,10843,Staff,W 3:30-4:45p,Seminar,Open,48
COHRT-UA,COHRT-UA 10,,035,10844,Staff,W 4:55-6:10p,Seminar,Open,48
COHRT-UA,COHRT-UA 10,,036,10845,Staff,W 4:55-6:10p,Seminar,Open,48
COHRT-UA,COHRT-UA 10,,037,10846,Staff,R 9:30-10:45a,Seminar,Open,48
COHRT-UA,COHRT-UA 10,,038,10847,Staff,R 9:30-10:45a,Seminar,Open,48
COHRT-UA,COHRT-UA 10,,039,10848,Staff,R 11a-12:15p,Seminar,Open,48
COHRT-UA,COHRT-UA 10,,040,10849,Staff,R 11a-12:15p,Seminar,Open,48
COHRT-UA,COHRT-UA 10,,041,10850,Staff,R 12:30-1:45p,Seminar,Open,48
COHRT-UA,COHRT-UA 10,,042,10851,Staff,R 12:30-1:45p,Seminar,Open,48
COHRT-UA,COHRT-UA 10,,043,10852,Staff,R 2-3:15p,Seminar,Open,48
COHRT-UA,COHRT-UA 10,,044,10853,Staff,R 2-3:15p,Seminar,Open,48
COHRT-UA,COHRT-UA 10,,045,10854,Staff,R 3:30-4:45p,Seminar,Open,48
COHRT-UA,COHRT-UA 10,,046,10855,Staff,R 3:30-4:45p,Seminar,Open,48
COHRT-UA,COHRT-UA 10,,047,10856,Staff,R 4:55-6:10p,Seminar,Open,48
COHRT-UA,COHRT-UA 10,,048,10857,Staff,R 4:55-6:10p,Seminar,Open,48
COLIT-UA,COLIT-UA 116,,001,6774,Staff,TR 2-3:15p,Lecture,Open,3
COLIT-UA,COLIT-UA 116,,002,6775,Staff,F 12:30-1:45p,Recitation,Open,3
COLIT-UA,COLIT-UA 116,,003,6776,Staff,F 2-3:15p,Recitation,Open,3
COLIT-UA,COLIT-UA 121,,001,6782,Staff,T 11a-1:45p,Lecture,Open,1
COLIT-UA,COLIT-UA 200,,001,6777,Staff,M 11a-1:45p,Seminar,Open,1
COLIT-UA,COLIT-UA 202,,001,10809,Staff,TR 3:30-4:45p,Seminar,Open,1
COLIT-UA,COLIT-UA 400,,001,6778,Staff,W 2-4:45p,Seminar,Open,1
COLIT-UA,COLIT-UA 550,,001,6781,Staff,MW 3:30-4:45p,Seminar,Open,1
COLIT-UA,COLIT-UA 723,,001,21976,Staff,MW 2-3:15p,Lecture,Open,1
COLIT-UA,COLIT-UA 800,,001,21623,Staff,MW 9:30-10:45a,Lecture,Open,1
COLIT-UA,COLIT-UA 801,,001,21984,Staff,TR 3:30-4:45p,Lecture,Open,1
COLIT-UA,COLIT-UA 950,,001,22228,Staff,MW 9:30-10:45a,Lecture,Open,1
COLIT-UA,COLIT-UA 997,,001,6779,Staff,Does Not Meet,Independent,Open,1
COLIT-UA,COLIT-UA 998,,001,6780,Staff,Does Not Meet,Independent,Open,1
CORE-UA,CORE-UA 1,,001,9516,Staff,M 11a-1:30p,Seminar,Open,31
CORE-UA,CORE-UA 1,,002,9517,Staff,M 11a-1:30p,Seminar,Open,31
CORE-UA,CORE-UA 1,,003,9518,Staff,M 2-4:30p,Seminar,Open,31
CORE-UA,CORE-UA 1,,004,9515,Staff,M 2-4:30p,Seminar,Open,31
CORE-UA,CORE-UA 1,,005,9519,Staff,M 4:55-7:25p,Seminar,Open,31
CORE-UA,CORE-UA 1,,006,9520,Staff,M 4:55-7:25p,Seminar,Open,31
CORE-UA,CORE-UA 1,,007,9521,Staff,T 8-10:30a,Seminar,Open,31
CORE-UA,CORE-UA 1,,008,9522,Staff,T 11a-1:30p,Seminar,Open,31
CORE-UA,CORE-UA 1,,009,9523,Staff,T 2-4:30p,Seminar,Open,31
CORE-UA,CORE-UA 1,,010,9524,Staff,T 2-4:30p,Seminar,Open,31
CORE-UA,CORE-UA 1,,011,9525,Staff,T 2-4:30p,Seminar,Open,31
CORE-UA,CORE-UA 1,,012,9526,Staff,T 4:55-7:25p,Seminar,Open,31
CORE-UA,CORE-UA 1,,013,9527,Staff,T 4:55-7:25p,Seminar,Open,31
CORE-UA,CORE-UA 1,,014,9528,Staff,W 8-10:30a,Seminar,Open,31
CORE-UA,CORE-UA 1,,015,9529,Staff,W 11a-1:30p,Seminar,Open,31
CORE-UA,CORE-UA 1,,016,9530,Staff,W 11a-1:30p,Seminar,Open,31
CORE-UA,CORE-UA 1,,017,9531,Staff,W 2-4:30p,Seminar,Open,31
CORE-UA,CORE-UA 1,,018,9532,Staff,W 2-4:30p,Seminar,Open,31
CORE-UA,CORE-UA 1,,019,9533,Staff,W 4:55-7:25p,Seminar,Open,31
CORE-UA,CORE-UA 1,,020,9534,Staff,W 4:55-7:25p,Seminar,Open,31
CORE-UA,CORE-UA 1,,021,9535,Staff,R 8-10:30a,Seminar,Open,31
CORE-UA,CORE-UA 1,,022,9536,Staff,R 11a-1:30p,Seminar,Open,31
CORE-UA,CORE-UA 1,,023,9537,Staff,R 11a-1:30p,Seminar,Open,31
CORE-UA,CORE-UA 1,,024,9538,Staff,R 2-4:30p,Seminar,Open,31
CORE-UA,CORE-UA 1,,025,9539,Staff,R 2-4:30p,Seminar,Open,31
CORE-UA,CORE-UA 1,,026,9540,Staff,R 4:55-7:25p,Seminar,Open,31
CORE-UA,CORE-UA 1,,027,9541,Staff,R 4:55-7:25p,Seminar,Open,31
CORE-UA,CORE-UA 1,,028,9542,Staff,F 11a-1:30p,Seminar,Open,31
CORE-UA,CORE-UA 1,,029,9543,Staff,F 11a-1:30p,Seminar,Open,31
CORE-UA,CORE-UA 1,,030,9544,Staff,F 11a-1:30p,Seminar,Open,31
CORE-UA,CORE-UA 1,,031,9545,Staff,F 2-4:30p,Seminar,Open,31
CORE-UA,CORE-UA 107,,001,9198,Staff,TR 4:55-6:10p,Lecture,Open,5
CORE-UA,CORE-UA 107,,002,9199,Staff,F 8-9:15a,Lab,Open,5
CORE-UA,CORE-UA 107,,003,9200,Staff,F 9:30-10:45a,Lab,Open,5
CORE-UA,CORE-UA 107,,004,9201,Staff,F 11a-12:15p,Lab,Open,5
CORE-UA,CORE-UA 107,,005,9202,Staff,F 12:30-1:45p,Lab,Open,5
CORE-UA,CORE-UA 110,,001,9498,Staff,MW 8-9:15a,Lecture,Open,5
CORE-UA,CORE-UA 110,,002,9499,Staff,F 8-9:15a,Lab,Open,5
CORE-UA,CORE-UA 110,,003,9500,Staff,F 9:30-10:45a,Lab,Open,5
CORE-UA,CORE-UA 110,,004,9501,Staff,F 11a-12:15p,Lab,Open,5
CORE-UA,CORE-UA 110,,005,9502,Staff,F 12:30-1:45p,Lab,Open,5
CORE-UA,CORE-UA 111,,001,9510,Staff,MW 4:55-6:10p,Lecture,Open,5
CORE-UA,CORE-UA 111,,002,9511,Staff,F 8-9:15a,Lab,Open,5
CORE-UA,CORE-UA 111,,003,9512,Staff,F 9:30-10:45a,Lab,Open,5
CORE-UA,CORE-UA 111,,004,9513,Staff,F 11a-12:15p,Lab,Open,5
CORE-UA,CORE-UA 111,,005,9514,Staff,F 12:30-1:45p,Lab,Open,5
CORE-UA,CORE-UA 203,,001,9203,Staff,MW 12:30-1:45p,Lecture,Open,14
CORE-UA,CORE-UA 203,,002,9204,Staff,T 9:30-10:45a,Lab,Open,14
CORE-UA,CORE-UA 203,,003,9205,Staff,T 11a-12:15p,Lab,Open,14
CORE-UA,CORE-UA 203,,004,9206,Staff,T 12:30-1:45p,Lab,Open,14
CORE-UA,CORE-UA 203,,005,9207,Staff,T 2-3:15p,Lab,Open,14
CORE-UA,CORE-UA 203,,006,9208,Staff,T 3:30-4:45p,Lab,Open,14
CORE-UA,CORE-UA 203,,007,9209,Staff,T 4:55-6:10p,Lab,Open,14
CORE-UA,CORE-UA 203,,010,9210,Staff,MW 11a-12:15p,Lecture,Open,14
CORE-UA,CORE-UA 203,,011,9211,Staff,R 9:30-10:45a,Lab,Open,14
CORE-UA,CORE-UA 203,,012,9212,Staff,R 11a-12:15p,Lab,Open,14
CORE-UA,CORE-UA 203,,013,9213,Staff,R 12:30-1:45p,Lab,Open,14
CORE-UA,CORE-UA 203,,014,9214,Staff,R 2-3:15p,Lab,Open,14
CORE-UA,CORE-UA 203,,015,9215,Staff,R 3:30-4:45p,Lab,Open,14
CORE-UA,CORE-UA 203,,016,9216,Staff,R 4:55-6:10p,Lab,Open,14
CORE-UA,CORE-UA 204,,001,9217,Staff,MW 9:30-10:45a,Lecture,Open,7
CORE-UA,CORE-UA 204,,002,9218,Staff,T 9:30-10:45a,Lab,Open,7
CORE-UA,CORE-UA 204,,003,9219,Staff,T 11a-12:15p,Lab,Open,7
CORE-UA,CORE-UA 204,,004,9220,Staff,T 12:30-1:45p,Lab,Open,7
CORE-UA,CORE-UA 204,,005,9221,Staff,T 2-3:15p,Lab,Open,7
CORE-UA,CORE-UA 204,,006,9222,Staff,T 3:30-4:45p,Lab,Open,7
CORE-UA,CORE-UA 204,,007,9224,Staff,T 4:55-6:10p,Lab,Open,7
CORE-UA,CORE-UA 209,,001,9225,Staff,MW 2-3:15p,Lecture,Open,7
CORE-UA,CORE-UA 209,,002,9226,Staff,W 3:30-4:45p,Lab,Open,7
CORE-UA,CORE-UA 209,,003,9223,Staff,W 4:55-6:10p,Lab,Open,7
CORE-UA,CORE-UA 209,,004,9227,Staff,R 9:30-10:45a,Lab,Open,7
CORE-UA,CORE-UA 209,,005,9228,Staff,R 11a-12:15p,Lab,Open,7
CORE-UA,CORE-UA 209,,006,9229,Staff,R 12:30-1:45p,Lab,Open,7
CORE-UA,CORE-UA 209,,007,9230,Staff,R 2-3:15p,Lab,Open,7
CORE-UA,CORE-UA 214,,001,9231,Staff,TR 2-3:15p,Lecture,Open,7
CORE-UA,CORE-UA 214,,002,9232,Staff,M 9:30-10:45a,Lab,Open,7
CORE-UA,CORE-UA 214,,003,9233,Staff,M 11a-12:15p,Lab,Open,7
CORE-UA,CORE-UA 214,,004,9234,Staff,M 12:30-1:45p,Lab,Open,7
CORE-UA,CORE-UA 214,,005,9235,Staff,M 2-3:15p,Lab,Open,7
CORE-UA,CORE-UA 214,,006,9236,Staff,M 3:30-4:45p,Lab,Open,7
CORE-UA,CORE-UA 214,,007,9237,Staff,M 4:55-6:10p,Lab,Open,7
CORE-UA,CORE-UA 303,,001,9238,Staff,MW 9:30-10:45a,Lecture,Open,13
CORE-UA,CORE-UA 303,,002,9239,Staff,W 12:30-1:45p,Lab,Open,13
CORE-UA,CORE-UA 303,,003,9240,Staff,W 2-3:15p,Lab,Open,13
CORE-UA,CORE-UA 303,,004,9241,Staff,W 3:30-4:45p,Lab,Open,13
CORE-UA,CORE-UA 303,,005,9242,Staff,W 4:55-6:10p,Lab,Open,13
CORE-UA,CORE-UA 303,,006,9243,Staff,R 9:30-10:45a,Lab,Open,13
CORE-UA,CORE-UA 303,,007,9244,Staff,R 11a-12:15p,Lab,Open,13
CORE-UA,CORE-UA 303,,008,9245,Staff,R 12:30-1:45p,Lab,Open,13
CORE-UA,CORE-UA 303,,009,9246,Staff,R 2-3:15p,Lab,Open,13
CORE-UA,CORE-UA 303,,010,9247,Staff,R 3:30-4:45p,Lab,Open,13
CORE-UA,CORE-UA 303,,011,9248,Staff,R 4:55-6:10p,Lab,Open,13
CORE-UA,CORE-UA 303,,012,9249,Staff,F 9:30-10:45a,Lab,Open,13
CORE-UA,CORE-UA 303,,013,9250,Staff,F 11a-12:15p,Lab,Open,13
CORE-UA,CORE-UA 305,,001,9251,Staff,MW 4:55-6:10p,Lecture,Open,7
CORE-UA,CORE-UA 305,,002,9252,Staff,R 2-3:15p,Lab,Open,7
CORE-UA,CORE-UA 305,,003,9253,Staff,R 3:30-4:45p,Lab,Open,7
CORE-UA,CORE-UA 305,,004,9254,Staff,F 8-9:15a,Lab,Open,7
CORE-UA,CORE-UA 305,,005,9256,Staff,F 9:30-10:45a,Lab,Open,7
CORE-UA,CORE-UA 305,,006,9257,Staff,F 11a-12:15p,Lab,Open,7
CORE-UA,CORE-UA 305,,007,9258,Staff,F 12:30-1:45p,Lab,Open,7
CORE-UA,CORE-UA 306,,001,9255,Staff,TR 9:30-10:45a,Lecture,Open,7
CORE-UA,CORE-UA 306,,002,9259,Staff,R 12:30-1:45p,Lab,Open,7
CORE-UA,CORE-UA 306,,003,9260,Staff,R 2-3:15p,Lab,Open,7
CORE-UA,CORE-UA 306,,004,9261,Staff,R 3:30-4:45p,Lab,Open,7
CORE-UA,CORE-UA 306,,005,9262,Staff,R 4:55-6:10p,Lab,Open,7
CORE-UA,CORE-UA 306,,006,9263,Staff,F 9:30-10:45a,Lab,Open,7
CORE-UA,CORE-UA 306,,007,9264,Staff,F 11a-12:15p,Lab,Open,7
CORE-UA,CORE-UA 400,,001,9336,Staff,TR 4:55-6:10p,Lecture,Open,7
CORE-UA,CORE-UA 400,,002,9337,Staff,F 8-9:15a,Recitation,Open,7
CORE-UA,CORE-UA 400,,003,9338,Staff,F 9:30-10:45a,Recitation,Open,7
CORE-UA,CORE-UA 400,,004,9339,Staff,F 8-9:15a,Recitation,Open,7
CORE-UA,CORE-UA 400,,005,9340,Staff,F 9:30-10:45a,Recitation,Open,7
CORE-UA,CORE-UA 400,,006,9341,Staff,F 11a-12:15p,Recitation,Open,7
CORE-UA,CORE-UA 400,,007,9342,Staff,F 12:30-1:45p,Recitation,Open,7
CORE-UA,CORE-UA 400,,010,9343,Staff,MW 3:30-4:45p,Lecture,Open,7
CORE-UA,CORE-UA 400,,011,9344,Staff,F 8-9:15a,Recitation,Open,7
CORE-UA,CORE-UA 400,,012,9345,Staff,F 9:30-10:45a,Recitation,Open,7
CORE-UA,CORE-UA 400,,013,9347,Staff,F 8-9:15a,Recitation,Open,7
CORE-UA,CORE-UA 400,,014,9348,Staff,F 9:30-10:45a,Recitation,Open,7
CORE-UA,CORE-UA 400,,015,9349,Staff,F 11a-12:15p,Recitation,Open,7
CORE-UA,CORE-UA 400,,016,9346,Staff,F 12:30-1:45p,Recitation,Open,7
CORE-UA,CORE-UA 400,,020,9350,Staff,MW 2-3:15p,Lecture,Open,9
CORE-UA,CORE-UA 400,,021,9351,Staff,R 8-9:15a,Recitation,Open,9
CORE-UA,CORE-UA 400,,022,9352,Staff,R 9:30-10:45a,Recitation,Open,9
CORE-UA,CORE-UA 400,,023,9353,Staff,R 11a-12:15p,Recitation,Open,9
CORE-UA,CORE-UA 400,,024,9354,Staff,R 12:30-1:45p,Recitation,Open,9
CORE-UA,CORE-UA 400,,025,9355,Staff,R 2-3:15p,Recitation,Open,9
CORE-UA,CORE-UA 400,,026,9356,Staff,R 3:30-4:45p,Recitation,Open,9
CORE-UA,CORE-UA 400,,027,9357,Staff,R 3:30-4:45p,Recitation,Open,9
CORE-UA,CORE-UA 400,,028,9358,Staff,R 4:55-6:10p,Recitation,Open,9
CORE-UA,CORE-UA 400,,030,9359,Staff,MW 2-3:15p,Lecture,Open,5
CORE-UA,CORE-UA 400,,031,9360,Staff,R 8-9:15a,Recitation,Open,5
CORE-UA,CORE-UA 400,,032,9361,Staff,R 9:30-10:45a,Recitation,Open,5
CORE-UA,CORE-UA 400,,033,9362,Staff,R 11a-12:15p,Recitation,Open,5
CORE-UA,CORE-UA 400,,034,9363,Staff,R 12:30-1:45p,Recitation,Open,5
CORE-UA,CORE-UA 400,,040,9364,Staff,TR 3:30-4:45p,Lecture,Open,7
CORE-UA,CORE-UA 400,,041,9365,Staff,F 8-9:15a,Recitation,Open,7
CORE-UA,CORE-UA 400,,042,9366,Staff,F 9:30-10:45a,Recitation,Open,7
CORE-UA,CORE-UA 400,,043,9367,Staff,F 11a-12:15p,Recitation,Open,7
CORE-UA,CORE-UA 400,,044,9368,Staff,F 12:30-1:45p,Recitation,Open,7
CORE-UA,CORE-UA 400,,045,9369,Staff,F 12:30-1:45p,Recitation,Open,7
CORE-UA,CORE-UA 400,,046,9370,Staff,F 2-3:15p,Recitation,Open,7
CORE-UA,CORE-UA 400,,060,9371,Staff,MW 12:30-1:45p,Lecture,Open,3
CORE-UA,CORE-UA 400,,061,9372,Staff,F 8-9:15a,Recitation,Open,3
CORE-UA,CORE-UA 400,,062,9373,Staff,F 9:30-10:45a,Recitation,Open,3
CORE-UA,CORE-UA 400,,070,9378,Staff,TR 11a-12:15p,Lecture,Open,7
CORE-UA,CORE-UA 400,,071,9379,Staff,F 8-9:15a,Recitation,Open,7
CORE-UA,CORE-UA 400,,072,9380,Staff,F 9:30-10:45a,Recitation,Open,7
CORE-UA,CORE-UA 400,,073,9381,Staff,F 11a-12:15p,Recitation,Open,7
CORE-UA,CORE-UA 400,,074,9382,Staff,F 12:30-1:45p,Recitation,Open,7
CORE-UA,CORE-UA 400,,075,9383,Staff,F 12:30-1:45p,Recitation,Open,7
CORE-UA,CORE-UA 400,,076,9386,Staff,F 2-3:15p,Recitation,Open,7
CORE-UA,CORE-UA 400,,080,9384,Staff,MW 11a-12:15p,Lecture,Open,9
CORE-UA,CORE-UA 400,,081,9385,Staff,F 8-9:15a,Recitation,Open,9
CORE-UA,CORE-UA 400,,082,9387,Staff,F 9:30-10:45a,Recitation,Open,9
CORE-UA,CORE-UA 400,,083,9388,Staff,F 8-9:15a,Recitation,Open,9
CORE-UA,CORE-UA 400,,084,9389,Staff,F 9:30-10:45a,Recitation,Open,9
CORE-UA,CORE-UA 400,,085,9390,Staff,F 11a-12:15p,Recitation,Open,9
CORE-UA,CORE-UA 400,,086,9391,Staff,F 12:30-1:45p,Recitation,Open,9
CORE-UA,CORE-UA 400,,087,22284,Staff,F 11a-12:15p,Recitation,Open,9
CORE-UA,CORE-UA 400,,088,22285,Staff,F 12:30-1:45p,Recitation,Open,9
CORE-UA,CORE-UA 400,,090,9392,Staff,TR 12:30-1:45p,Lecture,Open,3
CORE-UA,CORE-UA 400,,091,9393,Staff,F 8-9:15a,Recitation,Open,3
CORE-UA,CORE-UA 400,,092,9394,Staff,F 9:30-10:45a,Recitation,Open,3
CORE-UA,CORE-UA 400,,110,9406,Staff,TR 2-3:15p,Lecture,Open,7
CORE-UA,CORE-UA 400,,111,9407,Staff,F 8-9:15a,Recitation,Open,7
CORE-UA,CORE-UA 400,,112,9408,Staff,F 9:30-10:45a,Recitation,Open,7
CORE-UA,CORE-UA 400,,113,9409,Staff,F 8-9:15a,Recitation,Open,7
CORE-UA,CORE-UA 400,,114,9410,Staff,F 9:30-10:45a,Recitation,Open,7
CORE-UA,CORE-UA 400,,115,9411,Staff,F 11a-12:15p,Recitation,Open,7
CORE-UA,CORE-UA 400,,116,9412,Staff,F 12:30-1:45p,Recitation,Open,7
CORE-UA,CORE-UA 400,,120,9413,Staff,TR 11a-12:15p,Lecture,Open,7
CORE-UA,CORE-UA 400,,121,9414,Staff,F 8-9:15a,Recitation,Open,7
CORE-UA,CORE-UA 400,,122,9415,Staff,F 9:30-10:45a,Recitation,Open,7
CORE-UA,CORE-UA 400,,123,9416,Staff,F 11a-12:15p,Recitation,Open,7
CORE-UA,CORE-UA 400,,124,9417,Staff,F 12:30-1:45p,Recitation,Open,7
CORE-UA,CORE-UA 400,,125,9418,Staff,F 12:30-1:45p,Recitation,Open,7
CORE-UA,CORE-UA 400,,126,9419,Staff,F 2-3:15p,Recitation,Open,7
CORE-UA,CORE-UA 400,,130,9420,Staff,MW 9:30-10:45a,Lecture,Open,9
CORE-UA,CORE-UA 400,,131,9421,Staff,R 8-9:15a,Recitation,Open,9
CORE-UA,CORE-UA 400,,132,9422,Staff,R 9:30-10:45a,Recitation,Open,9
CORE-UA,CORE-UA 400,,133,9423,Staff,R 11a-12:15p,Recitation,Open,9
CORE-UA,CORE-UA 400,,134,9424,Staff,R 12:30-1:45p,Recitation,Open,9
CORE-UA,CORE-UA 400,,135,9425,Staff,R 2-3:15p,Recitation,Open,9
CORE-UA,CORE-UA 400,,136,9426,Staff,R 3:30-4:45p,Recitation,Open,9
CORE-UA,CORE-UA 400,,137,9427,Staff,R 3:30-4:45p,Recitation,Open,9
CORE-UA,CORE-UA 400,,138,9428,Staff,R 4:55-6:10p,Recitation,Open,9
CORE-UA,CORE-UA 400,,140,9429,Staff,MW 11a-12:15p,Lecture,Open,5
CORE-UA,CORE-UA 400,,141,9430,Staff,R 8-9:15a,Recitation,Open,5
CORE-UA,CORE-UA 400,,142,9431,Staff,R 9:30-10:45a,Recitation,Open,5
CORE-UA,CORE-UA 400,,143,9432,Staff,R 11a-12:15p,Recitation,Open,5
CORE-UA,CORE-UA 400,,144,9433,Staff,R 12:30-1:45p,Recitation,Open,5
CORE-UA,CORE-UA 403,,001,9434,Staff,TR 8-9:15a,Lecture,Open,7
CORE-UA,CORE-UA 403,,002,9435,Staff,F 8-9:15a,Recitation,Open,7
CORE-UA,CORE-UA 403,,003,9436,Staff,F 9:30-10:45a,Recitation,Open,7
CORE-UA,CORE-UA 403,,004,9437,Staff,F 11a-12:15p,Recitation,Open,7
CORE-UA,CORE-UA 403,,005,9438,Staff,F 12:30-1:45p,Recitation,Open,7
CORE-UA,CORE-UA 403,,006,9439,Staff,F 12:30-1:45p,Recitation,Open,7
CORE-UA,CORE-UA 403,,007,9440,Staff,F 2-3:15p,Recitation,Open,7
CORE-UA,CORE-UA 404,,001,9441,Staff,TR 2-3:15p,Lecture,Open,7
CORE-UA,CORE-UA 404,,002,9442,Staff,F 8-9:15a,Recitation,Open,7
CORE-UA,CORE-UA 404,,003,9443,Staff,F 9:30-10:45a,Recitation,Open,7
CORE-UA,CORE-UA 404,,004,9444,Staff,F 8-9:15a,Recitation,Open,7
CORE-UA,CORE-UA 404,,005,9445,Staff,F 9:30-10:45a,Recitation,Open,7
CORE-UA,CORE-UA 404,,006,9446,Staff,F 11a-12:15p,Recitation,Open,7
CORE-UA,CORE-UA 404,,007,9447,Staff,F 12:30-1:45p,Recitation,Open,7
CORE-UA,CORE-UA 500,,001,9266,Staff,MW 3:30-4:45p,Lecture,Open,9
CORE-UA,CORE-UA 500,,002,9267,Staff,F 8-9:15a,Recitation,Open,9
CORE-UA,CORE-UA 500,,003,9268,Staff,F 9:30-10:45a,Recitation,Open,9
CORE-UA,CORE-UA 500,,004,9265,Staff,F 8-9:15a,Recitation,Open,9
CORE-UA,CORE-UA 500,,005,9269,Staff,F 9:30-10:45a,Recitation,Open,9
CORE-UA,CORE-UA 500,,006,9270,Staff,F 8-9:15a,Recitation,Open,9
CORE-UA,CORE-UA 500,,007,9271,Staff,F 9:30-10:45a,Recitation,Open,9
CORE-UA,CORE-UA 500,,008,22205,Staff,F 8-9:15a,Recitation,Open,9
CORE-UA,CORE-UA 500,,009,22229,Staff,F 9:30-10:45a,Recitation,Open,9
CORE-UA,CORE-UA 500,,010,9272,Staff,MW 4:55-6:10p,Lecture,Open,9
CORE-UA,CORE-UA 500,,011,9274,Staff,T 8-9:15a,Recitation,Open,9
CORE-UA,CORE-UA 500,,012,9275,Staff,T 9:30-10:45a,Recitation,Open,9
CORE-UA,CORE-UA 500,,013,9276,Staff,T 8-9:15a,Recitation,Open,9
CORE-UA,CORE-UA 500,,014,9273,Staff,T 9:30-10:45a,Recitation,Open,9
CORE-UA,CORE-UA 500,,015,9277,Staff,T 11a-12:15p,Recitation,Open,9
CORE-UA,CORE-UA 500,,016,9278,Staff,T 12:30-1:45p,Recitation,Open,9
CORE-UA,CORE-UA 500,,017,22027,Staff,T 8-9:15a,Recitation,Open,9
CORE-UA,CORE-UA 500,,018,22034,Staff,T 9:30-10:45a,Recitation,Open,9
CORE-UA,CORE-UA 502,,001,9448,Staff,MW 4:55-6:10p,Lecture,Open,5
CORE-UA,CORE-UA 502,,002,9449,Staff,T 12:30-1:45p,Recitation,Open,5
CORE-UA,CORE-UA 502,,003,9450,Staff,T 2-3:15p,Recitation,Open,5
CORE-UA,CORE-UA 502,,004,9451,Staff,T 3:30-4:45p,Recitation,Open,5
CORE-UA,CORE-UA 502,,005,9452,Staff,T 4:55-6:10p,Recitation,Open,5
CORE-UA,CORE-UA 510,,001,9279,Staff,TR 9:30-10:45a,Lecture,Open,5
CORE-UA,CORE-UA 510,,002,9280,Staff,W 8-9:15a,Recitation,Open,5
CORE-UA,CORE-UA 510,,003,9281,Staff,W 9:30-10:45a,Recitation,Open,5
CORE-UA,CORE-UA 510,,004,9282,Staff,W 11a-12:15p,Recitation,Open,5
CORE-UA,CORE-UA 510,,005,9283,Staff,W 12:30-1:45p,Recitation,Open,5
CORE-UA,CORE-UA 512,,001,9484,Staff,MW 6:20-7:35p,Lecture,Open,7
CORE-UA,CORE-UA 512,,002,9485,Staff,T 4:55-6:10p,Recitation,Open,7
CORE-UA,CORE-UA 512,,003,9486,Staff,T 3:30-4:45p,Recitation,Open,7
CORE-UA,CORE-UA 512,,004,9487,Staff,T 4:55-6:10p,Recitation,Open,7
CORE-UA,CORE-UA 512,,005,9488,Staff,T 3:30-4:45p,Recitation,Open,7
CORE-UA,CORE-UA 512,,006,9489,Staff,T 4:55-6:10p,Recitation,Open,7
CORE-UA,CORE-UA 512,,007,9490,Staff,T 6:20-7:35p,Recitation,Open,7
CORE-UA,CORE-UA 514,,001,9453,Staff,MW 8-9:15a,Lecture,Open,5
CORE-UA,CORE-UA 514,,002,9454,Staff,T 8-9:15a,Recitation,Open,5
CORE-UA,CORE-UA 514,,003,9455,Staff,T 9:30-10:45a,Recitation,Open,5
CORE-UA,CORE-UA 514,,004,9456,Staff,T 11a-12:15p,Recitation,Open,5
CORE-UA,CORE-UA 514,,005,9457,Staff,T 12:30-1:45p,Recitation,Open,5
CORE-UA,CORE-UA 526,,001,9285,Staff,TR 9:30-10:45a,Lecture,Open,7
CORE-UA,CORE-UA 526,,002,9286,Staff,W 8-9:15a,Recitation,Open,7
CORE-UA,CORE-UA 526,,003,9287,Staff,W 9:30-10:45a,Recitation,Open,7
CORE-UA,CORE-UA 526,,004,9284,Staff,W 11a-12:15p,Recitation,Open,7
CORE-UA,CORE-UA 526,,005,9288,Staff,W 12:30-1:45p,Recitation,Open,7
CORE-UA,CORE-UA 526,,006,9289,Staff,W 2-3:15p,Recitation,Open,7
CORE-UA,CORE-UA 526,,007,9290,Staff,W 3:30-4:45p,Recitation,Open,7
CORE-UA,CORE-UA 527,,001,9291,Staff,TR 11a-12:15p,Lecture,Open,5
CORE-UA,CORE-UA 527,,002,9292,Staff,W 12:30-1:45p,Recitation,Open,5
CORE-UA,CORE-UA 527,,003,9293,Staff,W 2-3:15p,Recitation,Open,5
CORE-UA,CORE-UA 527,,004,9294,Staff,W 3:30-4:45p,Recitation,Open,5
CORE-UA,CORE-UA 527,,005,9295,Staff,W 4:55-6:10p,Recitation,Open,5
CORE-UA,CORE-UA 529,,001,9491,Staff,TR 3:30-4:45p,Lecture,Open,7
CORE-UA,CORE-UA 529,,002,9492,Staff,W 8-9:15a,Recitation,Open,7
CORE-UA,CORE-UA 529,,003,9493,Staff,W 9:30-10:45a,Recitation,Open,7
CORE-UA,CORE-UA 529,,004,9494,Staff,W 11a-12:15p,Recitation,Open,7
CORE-UA,CORE-UA 529,,005,9495,Staff,W 12:30-1:45p,Recitation,Open,7
CORE-UA,CORE-UA 529,,006,9496,Staff,W 2-3:15p,Recitation,Open,7
CORE-UA,CORE-UA 529,,007,9497,Staff,W 3:30-4:45p,Recitation,Open,7
CORE-UA,CORE-UA 532,,001,9458,Staff,MW 2-3:15p,Lecture,Open,7
CORE-UA,CORE-UA 532,,002,9459,Staff,T 8-9:15a,Recitation,Open,7
CORE-UA,CORE-UA 532,,003,9460,Staff,T 9:30-10:45a,Recitation,Open,7
CORE-UA,CORE-UA 532,,004,9461,Staff,T 11a-12:15p,Recitation,Open,7
CORE-UA,CORE-UA 532,,005,9462,Staff,T 12:30-1:45p,Recitation,Open,7
CORE-UA,CORE-UA 532,,006,9463,Staff,T 2-3:15p,Recitation,Open,7
CORE-UA,CORE-UA 532,,007,9464,Staff,T 3:30-4:45p,Recitation,Open,7
CORE-UA,CORE-UA 534,,001,9465,Staff,MW 2-3:15p,Lecture,Open,5
CORE-UA,CORE-UA 534,,002,9466,Staff,T 8-9:15a,Recitation,Open,5
CORE-UA,CORE-UA 534,,003,9467,Staff,T 9:30-10:45a,Recitation,Open,5
CORE-UA,CORE-UA 534,,004,9468,Staff,T 11a-12:15p,Recitation,Open,5
CORE-UA,CORE-UA 534,,005,9469,Staff,T 12:30-1:45p,Recitation,Open,5
CORE-UA,CORE-UA 537,,001,9472,Staff,MW 2-3:15p,Lecture,Open,7
CORE-UA,CORE-UA 537,,002,9473,Staff,T 8-9:15a,Recitation,Open,7
CORE-UA,CORE-UA 537,,003,9474,Staff,T 9:30-10:45a,Recitation,Open,7
CORE-UA,CORE-UA 537,,004,9475,Staff,T 11a-12:15p,Recitation,Open,7
CORE-UA,CORE-UA 537,,005,9476,Staff,T 12:30-1:45p,Recitation,Open,7
CORE-UA,CORE-UA 537,,006,9477,Staff,T 4:55-6:10p,Recitation,Open,7
CORE-UA,CORE-UA 537,,007,9478,Staff,T 3:30-4:45p,Recitation,Open,7
CORE-UA,CORE-UA 556,,001,9503,Staff,MW 9:30-10:45a,Lecture,Open,5
CORE-UA,CORE-UA 556,,002,9504,Staff,T 8-9:15a,Recitation,Open,5
CORE-UA,CORE-UA 556,,003,9505,Staff,T 9:30-10:45a,Recitation,Open,5
CORE-UA,CORE-UA 556,,004,9506,Staff,T 11a-12:15p,Recitation,Open,5
CORE-UA,CORE-UA 556,,005,9507,Staff,T 12:30-1:45p,Recitation,Open,5
CORE-UA,CORE-UA 700,,001,9297,Staff,TR 4:55-6:10p,Lecture,Open,7
CORE-UA,CORE-UA 700,,002,9298,Staff,F 8-9:15a,Recitation,Open,7
CORE-UA,CORE-UA 700,,003,9299,Staff,F 9:30-10:45a,Recitation,Open,7
CORE-UA,CORE-UA 700,,004,9296,Staff,F 11a-12:15p,Recitation,Open,7
CORE-UA,CORE-UA 700,,005,9300,Staff,F 12:30-1:45p,Recitation,Open,7
CORE-UA,CORE-UA 700,,006,9301,Staff,F 12:30-1:45p,Recitation,Open,7
CORE-UA,CORE-UA 700,,007,9302,Staff,F 2-3:15p,Recitation,Open,7
CORE-UA,CORE-UA 700,,010,9303,Staff,MW 3:30-4:45p,Lecture,Open,5
CORE-UA,CORE-UA 700,,011,9304,Staff,R 8-9:15a,Recitation,Open,5
CORE-UA,CORE-UA 700,,012,9307,Staff,R 9:30-10:45a,Recitation,Open,5
CORE-UA,CORE-UA 700,,013,9308,Staff,R 11a-12:15p,Recitation,Open,5
CORE-UA,CORE-UA 700,,014,9309,Staff,R 12:30-1:45p,Recitation,Open,5
CORE-UA,CORE-UA 710,,001,21787,Staff,MW 6:20-7:35p,Lecture,Open,9
CORE-UA,CORE-UA 710,,002,21866,Staff,R 8-9:15a,Recitation,Open,9
CORE-UA,CORE-UA 710,,003,21924,Staff,R 9:30-10:45a,Recitation,Open,9
CORE-UA,CORE-UA 710,,004,21925,Staff,R 11a-12:15p,Recitation,Open,9
CORE-UA,CORE-UA 710,,005,21937,Staff,R 12:30-1:45p,Recitation,Open,9
CORE-UA,CORE-UA 710,,006,21938,Staff,R 2-3:15p,Recitation,Open,9
CORE-UA,CORE-UA 710,,007,22000,Staff,R 3:30-4:45p,Recitation,Open,9
CORE-UA,CORE-UA 710,,008,22001,Staff,R 3:30-4:45p,Recitation,Open,9
CORE-UA,CORE-UA 710,,009,22020,Staff,R 4:55-6:10p,Recitation,Open,9
CORE-UA,CORE-UA 730,,001,9317,Staff,MW 11a-12:15p,Lecture,Open,10
CORE-UA,CORE-UA 730,,002,9318,Staff,F 9:30-10:45a,Recitation,Open,10
CORE-UA,CORE-UA 730,,003,9319,Staff,F 11a-12:15p,Recitation,Open,10
CORE-UA,CORE-UA 730,,004,9320,Staff,F 12:30-1:45p,Recitation,Open,10
CORE-UA,CORE-UA 730,,005,9321,Staff,F 2-3:15p,Recitation,Open,10
CORE-UA,CORE-UA 730,,010,9322,Staff,MW 12:30-1:45p,Lecture,Open,10
CORE-UA,CORE-UA 730,,011,9323,Staff,F 9:30-10:45a,Recitation,Open,10
CORE-UA,CORE-UA 730,,012,9324,Staff,F 11a-12:15p,Recitation,Open,10
CORE-UA,CORE-UA 730,,013,9325,Staff,F 12:30-1:45p,Recitation,Open,10
CORE-UA,CORE-UA 730,,014,9326,Staff,F 2-3:15p,Recitation,Open,10
CORE-UA,CORE-UA 750,,001,9327,Staff,W 12:30-4:30p,Lecture,Open,9
CORE-UA,CORE-UA 750,,002,9328,Staff,F 8-9:15a,Recitation,Open,9
CORE-UA,CORE-UA 750,,003,9329,Staff,F 9:30-10:45a,Recitation,Open,9
CORE-UA,CORE-UA 750,,004,9330,Staff,F 8-9:15a,Recitation,Open,9
CORE-UA,CORE-UA 750,,005,9331,Staff,F 9:30-10:45a,Recitation,Open,9
CORE-UA,CORE-UA 750,,006,9332,Staff,F 11a-12:15p,Recitation,Open,9
CORE-UA,CORE-UA 750,,007,9333,Staff,F 12:30-1:45p,Recitation,Open,9
CORE-UA,CORE-UA 750,,008,9334,Staff,F 12:30-1:45p,Recitation,Open,9
CORE-UA,CORE-UA 750,,009,9335,Staff,F 2-3:15p,Recitation,Open,9
CRWRI-UA,CRWRI-UA 815,,001,9676,Staff,MW 9:30-10:45a,WKS,Open,25
CRWRI-UA,CRWRI-UA 815,,002,9677,Staff,MW 12:30-1:45p,WKS,Open,25
CRWRI-UA,CRWRI-UA 815,,003,9678,Staff,MW 8-9:15a,WKS,Open,25
CRWRI-UA,CRWRI-UA 815,,004,9679,Staff,MW 8-9:15a,WKS,Open,25
CRWRI-UA,CRWRI-UA 815,,005,9680,Staff,MW 2-3:15p,WKS,Open,25
CRWRI-UA,CRWRI-UA 815,,006,9681,Staff,TR 8-9:15a,WKS,Open,25
CRWRI-UA,CRWRI-UA 815,,007,9682,Staff,TR 12:30-1:45p,WKS,Open,25
CRWRI-UA,CRWRI-UA 815,,008,9683,Staff,TR 4:55-6:10p,WKS,Open,25
CRWRI-UA,CRWRI-UA 815,,009,9684,Staff,TR 11a-12:15p,WKS,Open,25
CRWRI-UA,CRWRI-UA 815,,010,9685,Staff,TR 9:30-10:45a,WKS,Open,25
CRWRI-UA,CRWRI-UA 815,,011,9686,Staff,TR 11a-12:15p,WKS,Open,25
CRWRI-UA,CRWRI-UA 815,,012,9687,Staff,TR 12:30-1:45p,WKS,Open,25
CRWRI-UA,CRWRI-UA 815,,013,9688,Staff,MW 11a-12:15p,WKS,Open,25
CRWRI-UA,CRWRI-UA 815,,014,9689,Staff,TR 9:30-10:45a,WKS,Open,25
CRWRI-UA,CRWRI-UA 815,,015,9690,Staff,TR 4:55-6:10p,WKS,Open,25
CRWRI-UA,CRWRI-UA 815,,016,9691,Staff,TR 9:30-10:45a,WKS,Open,25
CRWRI-UA,CRWRI-UA 815,,017,9692,Staff,MW 9:30-10:45a,WKS,Open,25
CRWRI-UA,CRWRI-UA 815,,018,9693,Staff,MW 9:30-10:45a,WKS,Open,25
CRWRI-UA,CRWRI-UA 815,,020,9694,Staff,TR 3:30-4:45p,WKS,Open,25
CRWRI-UA,CRWRI-UA 815,,021,9695,Staff,TR 2-3:15p,WKS,Open,25
CRWRI-UA,CRWRI-UA 815,,022,9696,Staff,MW 11a-12:15p,WKS,Open,25
CRWRI-UA,CRWRI-UA 815,,026,9697,Staff,TR 2-3:15p,WKS,Open,25
CRWRI-UA,CRWRI-UA 815,,027,9698,Staff,MW 3:30-4:45p,WKS,Open,25
CRWRI-UA,CRWRI-UA 815,,028,9699,Staff,MW 4:55-6:10p,WKS,Open,25
CRWRI-UA,CRWRI-UA 815,,029,9700,Staff,TR 4:55-6:10p,WKS,Open,25
CRWRI-UA,CRWRI-UA 816,,001,9701,Staff,M 4:55-7:40p,WKS,Open,5
CRWRI-UA,CRWRI-UA 816,,002,9702,Staff,T 4:55-7:40p,WKS,Open,5
CRWRI-UA,CRWRI-UA 816,,003,9703,Staff,F 2-4:45p,WKS,Open,5
CRWRI-UA,CRWRI-UA 816,,004,9704,Staff,W 4:55-7:40p,WKS,Open,5
CRWRI-UA,CRWRI-UA 816,,006,9705,Staff,F 11a-1:45p,WKS,Open,5
CRWRI-UA,CRWRI-UA 817,,001,9706,Staff,M 11a-1:45p,WKS,Open,4
CRWRI-UA,CRWRI-UA 817,,002,9707,Staff,W 2-4:45p,WKS,Open,4
CRWRI-UA,CRWRI-UA 817,,004,9708,Staff,F 11a-1:45p,WKS,Open,4
CRWRI-UA,CRWRI-UA 817,,005,9709,Staff,R 2-4:45p,WKS,Open,4
CRWRI-UA,CRWRI-UA 820,,001,9710,Staff,M 4:55-7:40p,WKS,Open,3
CRWRI-UA,CRWRI-UA 820,,002,9711,Staff,W 2-4:45p,WKS,Open,3
CRWRI-UA,CRWRI-UA 820,,003,9712,Staff,W 11a-1:45p,WKS,Open,3
CRWRI-UA,CRWRI-UA 825,,001,9713,Staff,F 2-4:45p,WKS,Open,1
CRWRI-UA,CRWRI-UA 830,,001,9714,Staff,W 11a-1:45p,WKS,Open,3
CRWRI-UA,CRWRI-UA 830,,002,21194,Staff,F 11a-1:45p,WKS,Open,3
CRWRI-UA,CRWRI-UA 830,,003,9715,Staff,R 11a-1:45p,WKS,Open,3
CRWRI-UA,CRWRI-UA 861,,001,9716,Staff,M 11a-1:45p,WKS,Open,1
CRWRI-UA,CRWRI-UA 862,,001,9717,Staff,W 11a-1:45p,WKS,Open,1
CRWRI-UA,CRWRI-UA 863,,001,9722,Staff,T 11a-1:45p,WKS,Open,1
CSCI-UA,CSCI-UA 1,,001,21698,Staff,TR 3:30-4:45p,Lecture,Open,1
CSCI-UA,CSCI-UA 1,,002,21896,Staff,MW 2-3:15p,Lecture,Open,2
CSCI-UA,CSCI-UA 1,,003,21907,Staff,TR 8-9:15a,Lecture,Open,2
CSCI-UA,CSCI-UA 101,,001,8917,Staff,MW 8-9:15a,Lecture,Open,11
CSCI-UA,CSCI-UA 101,,002,8918,Staff,TR 8-9:15a,Lecture,Open,11
CSCI-UA,CSCI-UA 101,,003,8919,Staff,MW 11a-12:15p,Lecture,Open,11
CSCI-UA,CSCI-UA 101,,004,8914,Staff,TR 11a-12:15p,Lecture,Open,11
CSCI-UA,CSCI-UA 101,,005,8920,Staff,MW 12:30-1:45p,Lecture,Open,11
CSCI-UA,CSCI-UA 101,,006,8921,Staff,TR 12:30-1:45p,Lecture,Open,11
CSCI-UA,CSCI-UA 101,,007,8922,Staff,F 2-4:30p,Lecture,Open,11
CSCI-UA,CSCI-UA 101,,008,8923,Staff,MW 3:30-4:45p,Lecture,Open,11
CSCI-UA,CSCI-UA 101,,009,8924,Staff,MW 9:30-10:45a,Lecture,Open,11
CSCI-UA,CSCI-UA 101,,010,8925,Staff,MW 3:30-4:45p,Lecture,Open,11
CSCI-UA,CSCI-UA 101,,011,8926,Staff,TR 3:30-4:45p,Lecture,Open,11
CSCI-UA,CSCI-UA 102,,010,8927,Staff,MW 9:30-10:45a,Lecture,Open,17
CSCI-UA,CSCI-UA 102,,011,8928,Staff,F 9:30-10:45a,Recitation,Open,17
CSCI-UA,CSCI-UA 102,,012,8929,Staff,F 11a-12:15p,Recitation,Open,17
CSCI-UA,CSCI-UA 102,,013,8930,Staff,F 12:30-1:45p,Recitation,Open,17
CSCI-UA,CSCI-UA 102,,020,8932,Staff,MW 12:30-1:45p,Lecture,Open,17
CSCI-UA,CSCI-UA 102,,021,8933,Staff,F 11a-12:15p,Recitation,Open,17
CSCI-UA,CSCI-UA 102,,022,8934,Staff,F 12:30-1:45p,Recitation,Open,17
CSCI-UA,CSCI-UA 102,,023,8935,Staff,F 2-3:15p,Recitation,Open,17
CSCI-UA,CSCI-UA 102,,030,8939,Staff,F 11a-1:30p,Lecture,Open,17
CSCI-UA,CSCI-UA 102,,031,8941,Staff,M 9:30-10:45a,Recitation,Open,17
CSCI-UA,CSCI-UA 102,,032,8942,Staff,W 9:30-10:45a,Recitation,Open,17
CSCI-UA,CSCI-UA 102,,040,8943,Staff,TR 9:30-10:45a,Lecture,Open,17
CSCI-UA,CSCI-UA 102,,041,8944,Staff,F 9:30-10:45a,Recitation,Open,17
CSCI-UA,CSCI-UA 102,,050,8945,Staff,MW 2-3:15p,Lecture,Open,17
CSCI-UA,CSCI-UA 102,,051,8946,Staff,F 2-3:15p,Recitation,Open,17
CSCI-UA,CSCI-UA 102,,060,21314,Staff,TR 3:30-4:45p,Lecture,Open,17
CSCI-UA,CSCI-UA 102,,061,21347,Staff,F 3:30-4:45p,Recitation,Open,17
CSCI-UA,CSCI-UA 2,,001,8896,Staff,MW 8-9:15a,Lecture,Open,10
CSCI-UA,CSCI-UA 2,,002,8897,Staff,TR 8-9:15a,Lecture,Open,10
CSCI-UA,CSCI-UA 2,,004,8899,Staff,TR 9:30-10:45a,Lecture,Open,10
CSCI-UA,CSCI-UA 2,,005,8900,Staff,MW 11a-12:15p,Lecture,Open,10
CSCI-UA,CSCI-UA 2,,006,8901,Staff,MW 12:30-1:45p,Lecture,Open,10
CSCI-UA,CSCI-UA 2,,007,8902,Staff,MW 2-3:15p,Lecture,Open,10
CSCI-UA,CSCI-UA 2,,008,8903,Staff,TR 2-3:15p,Lecture,Open,10
CSCI-UA,CSCI-UA 2,,009,8904,Staff,MW 3:30-4:45p,Lecture,Open,10
CSCI-UA,CSCI-UA 2,,010,8905,Staff,TR 3:30-4:45p,Lecture,Open,10
CSCI-UA,CSCI-UA 2,,013,22007,Staff,MW 8-9:15a,Lecture,Open,10
CSCI-UA,CSCI-UA 201,,010,8947,Staff,MW 9:30-10:45a,Lecture,Open,8
CSCI-UA,CSCI-UA 201,,011,8948,Staff,F 9:30-10:45a,Recitation,Open,8
CSCI-UA,CSCI-UA 201,,020,8949,Staff,TR 9:30-10:45a,Lecture,Open,8
CSCI-UA,CSCI-UA 201,,021,8950,Staff,F 9:30-10:45a,Recitation,Open,8
CSCI-UA,CSCI-UA 201,,030,8951,Staff,MW 3:30-4:45p,Lecture,Open,8
CSCI-UA,CSCI-UA 201,,031,8952,Staff,F 12:30-1:45p,Recitation,Open,8
CSCI-UA,CSCI-UA 201,,040,8953,Staff,TR 3:30-4:45p,Lecture,Open,8
CSCI-UA,CSCI-UA 201,,041,8954,Staff,F 11a-12:15p,Recitation,Open,8
CSCI-UA,CSCI-UA 202,,001,8955,Staff,MW 11a-12:15p,Lecture,Open,2
CSCI-UA,CSCI-UA 202,,002,8956,Staff,TR 3:30-4:45p,Lecture,Open,2
CSCI-UA,CSCI-UA 3,,001,8984,Staff,TR 12:30-1:45p,Lecture,Open,1
CSCI-UA,CSCI-UA 310,,010,8957,Staff,MW 9:30-10:45a,Lecture,Open,9
CSCI-UA,CSCI-UA 310,,011,8958,Staff,F 12:30-1:45p,Recitation,Open,9
CSCI-UA,CSCI-UA 310,,012,22021,Staff,F 9:30-10:45a,Recitation,Open,9
CSCI-UA,CSCI-UA 310,,020,8959,Staff,MW 2-3:15p,Lecture,Open,9
CSCI-UA,CSCI-UA 310,,021,8960,Staff,F 2-3:15p,Recitation,Open,9
CSCI-UA,CSCI-UA 310,,030,8961,Staff,TR 9:30-10:45a,Lecture,Open,9
CSCI-UA,CSCI-UA 310,,031,8962,Staff,F 9:30-10:45a,Recitation,Open,9
CSCI-UA,CSCI-UA 310,,040,8963,Staff,TR 3:30-4:45p,Lecture,Open,9
CSCI-UA,CSCI-UA 310,,041,8964,Staff,F 3:30-4:45p,Recitation,Open,9
CSCI-UA,CSCI-UA 330,,001,21390,Staff,TR 11a-12:15p,Lecture,Open,1
CSCI-UA,CSCI-UA 380,,003,22018,Staff,MW 11a-12:15p,Lecture,Open,1
CSCI-UA,CSCI-UA 381,,001,8985,Staff,MW 2-3:15p,Lecture,Open,1
CSCI-UA,CSCI-UA 4,,001,8908,Staff,MW 8-9:15a,Lecture,Open,6
CSCI-UA,CSCI-UA 4,,002,8909,Staff,TR 8-9:15a,Lecture,Open,6
CSCI-UA,CSCI-UA 4,,003,8910,Staff,MW 11a-12:15p,Lecture,Open,6
CSCI-UA,CSCI-UA 4,,004,8911,Staff,TR 11a-12:15p,Lecture,Open,6
CSCI-UA,CSCI-UA 4,,005,8912,Staff,MW 2-3:15p,Lecture,Open,6
CSCI-UA,CSCI-UA 4,,006,8913,Staff,MW 3:30-4:45p,Lecture,Open,6
CSCI-UA,CSCI-UA 430,,001,8994,Staff,MW 9:30-10:45a,Lecture,Open,1
CSCI-UA,CSCI-UA 467,,001,8986,Staff,TR 12:30-1:45p,Lecture,Open,2
CSCI-UA,CSCI-UA 467,,002,8987,Staff,MW 12:30-1:45p,Lecture,Open,2
CSCI-UA,CSCI-UA 469,,001,8992,Staff,TR 8-9:15a,Lecture,Open,2
CSCI-UA,CSCI-UA 469,,002,8993,Staff,TR 3:30-4:45p,Lecture,Open,2
CSCI-UA,CSCI-UA 470,,001,8969,Staff,MW 3:30-4:45p,Lecture,Open,1
CSCI-UA,CSCI-UA 473,,001,8980,Staff,TR 12:30-1:45p,Lecture,Open,3
CSCI-UA,CSCI-UA 473,,002,8981,Staff,F 9:30-10:45a,Recitation,Open,3
CSCI-UA,CSCI-UA 473,,003,8982,Staff,F 2-3:15p,Recitation,Open,3
CSCI-UA,CSCI-UA 474,,001,8970,Staff,MW 12:30-1:45p,Lecture,Open,1
CSCI-UA,CSCI-UA 478,,001,8972,Staff,TR 2-3:15p,Lecture,Open,1
CSCI-UA,CSCI-UA 479,,001,8988,Staff,MW 11a-12:15p,Lecture,Open,3
CSCI-UA,CSCI-UA 479,,003,8990,Staff,MW 3:30-4:45p,Lecture,Open,3
CSCI-UA,CSCI-UA 479,,004,8991,Staff,TR 2-3:15p,Lecture,Open,3
CSCI-UA,CSCI-UA 480,,041,8973,Staff,TR 9:30-10:45a,Lecture,Open,1
CSCI-UA,CSCI-UA 480,,042,8974,Staff,TR 2-3:15p,Lecture,Open,1
CSCI-UA,CSCI-UA 480,,051,8975,Staff,TR 2-3:15p,Lecture,Open,1
CSCI-UA,CSCI-UA 480,,052,8976,Staff,MW 12:30-1:45p,Lecture,Open,1
CSCI-UA,CSCI-UA 480,,062,21315,Staff,MW 11a-12:15p,Lecture,Open,1
CSCI-UA,CSCI-UA 480,,063,8977,Staff,MW 2-3:15p,Lecture,Open,1
CSCI-UA,CSCI-UA 480,,076,22206,Staff,MW 3:30-4:45p,Lecture,Open,1
CSCI-UA,CSCI-UA 520,,001,8978,Staff,Does Not Meet,Independent,Open,1
CSCI-UA,CSCI-UA 60,,001,8915,Staff,TR 11a-12:15p,Lecture,Open,1
CSCI-UA,CSCI-UA 61,,001,8916,Staff,MW 2-3:15p,Lecture,Open,1
CSCI-UA,CSCI-UA 897,,001,8983,Staff,Does Not Meet,Independent,Open,1
CSCI-UA,CSCI-UA 997,,001,8979,Staff,Does Not Meet,Independent,Open,1
DRLIT-UA,DRLIT-UA 175,,001,6786,Staff,T 2-4:45p,Lecture,Open,2
DRLIT-UA,DRLIT-UA 175,,002,22118,Staff,M 7-9:30p,Lecture,Open,2
DRLIT-UA,DRLIT-UA 185,,001,6783,Staff,TR 11a-12:15p,Seminar,Open,3
DRLIT-UA,DRLIT-UA 185,,002,21195,Staff,TR 3:30-4:45p,Seminar,Open,3
DRLIT-UA,DRLIT-UA 185,,003,22069,Staff,R 2-4:30p,Seminar,Open,3
DRLIT-UA,DRLIT-UA 225,,001,21587,Staff,MW 11a-12:15p,Lecture,Open,2
DRLIT-UA,DRLIT-UA 225,,002,22070,Staff,F 11a-12:15p,Recitation,Open,2
DRLIT-UA,DRLIT-UA 230,,001,21588,Staff,TR 4:55-6:10p,CLQ,Open,1
DRLIT-UA,DRLIT-UA 240,,001,22119,Staff,TR 12:30-1:45p,Lecture,Open,1
DRLIT-UA,DRLIT-UA 254,,001,22120,Staff,R 11a-1:45p,Lecture,Open,1
DRLIT-UA,DRLIT-UA 293,,001,22121,Staff,T 2-4:45p,Lecture,Open,1
DRLIT-UA,DRLIT-UA 294,,001,22122,Staff,TR 11a-12:15p,Lecture,Open,1
DRLIT-UA,DRLIT-UA 508,,001,22123,Staff,R 2-4:45p,Seminar,Open,1
DRLIT-UA,DRLIT-UA 609,,001,6784,Staff,R 11a-1:45p,Lecture,Open,1
DS-UA,DS-UA 100,,001,13843,Staff,MW 3:30-4:45p,Lecture,Open,3
DS-UA,DS-UA 100,,002,13844,Staff,F 8-9:15a,Lab,Open,3
DS-UA,DS-UA 100,,003,13845,Staff,F 9:30-10:45a,Lab,Open,3
DS-UA,DS-UA 111,,001,13809,Staff,MW 4:55-6:10p,Lecture,Open,8
DS-UA,DS-UA 111,,002,13810,Staff,F 8-9:15a,Lab,Open,8
DS-UA,DS-UA 111,,003,13811,Staff,F 9:30-10:45a,Lab,Open,8
DS-UA,DS-UA 111,,004,13812,Staff,F 11a-12:15p,Lab,Open,8
DS-UA,DS-UA 111,,005,13813,Staff,F 12:30-1:45p,Lab,Open,8
DS-UA,DS-UA 111,,006,13814,Staff,F 2-3:15p,Lab,Open,8
DS-UA,DS-UA 111,,007,13815,Staff,F 3:30-4:45p,Lab,Open,8
DS-UA,DS-UA 111,,008,13816,Staff,F 4:55-6:10p,Lab,Open,8
DS-UA,DS-UA 112,,001,13817,Staff,TR 3:30-4:45p,Lecture,Open,7
DS-UA,DS-UA 112,,002,13818,Staff,F 8-9:15a,Lab,Open,7
DS-UA,DS-UA 112,,003,13819,Staff,F 9:30-10:45a,Lab,Open,7
DS-UA,DS-UA 112,,004,13820,Staff,F 11a-12:15p,Lab,Open,7
DS-UA,DS-UA 112,,005,13821,Staff,F 12:30-1:45p,Lab,Open,7
DS-UA,DS-UA 112,,006,13822,Staff,F 2-3:15p,Lab,Open,7
DS-UA,DS-UA 112,,007,13823,Staff,F 3:30-4:45p,Lab,Open,7
DS-UA,DS-UA 201,,001,13824,Staff,TR 3:30-4:45p,Lecture,Open,6
DS-UA,DS-UA 201,,002,13825,Staff,F 8-9:15a,Lab,Open,6
DS-UA,DS-UA 201,,003,13826,Staff,F 9:30-10:45a,Lab,Open,6
DS-UA,DS-UA 201,,004,13827,Staff,F 11a-12:15p,Lab,Open,6
DS-UA,DS-UA 201,,005,13828,Staff,F 12:30-1:45p,Lab,Open,6
DS-UA,DS-UA 201,,006,13829,Staff,F 2-3:15p,Lab,Open,6
DS-UA,DS-UA 202,,001,13830,Staff,MW 2-3:15p,Lecture,Open,6
DS-UA,DS-UA 202,,002,13831,Staff,F 9:30-10:45a,Lab,Open,6
DS-UA,DS-UA 202,,003,13832,Staff,F 11a-12:15p,Lab,Open,6
DS-UA,DS-UA 202,,004,13833,Staff,F 12:30-1:45p,Lab,Open,6
DS-UA,DS-UA 202,,005,13834,Staff,F 2-3:15p,Lab,Open,6
DS-UA,DS-UA 202,,006,13835,Staff,F 3:30-4:45p,Lab,Open,6
DS-UA,DS-UA 301,,001,13836,Staff,M 7:55-10:25p,Lecture,Open,3
DS-UA,DS-UA 301,,002,13837,Staff,F 2-3:15p,Lab,Open,3
DS-UA,DS-UA 301,,003,13838,Staff,F 12:30-1:45p,Lab,Open,3
DS-UA,DS-UA 301,,004,13841,Staff,TR 2-3:15p,Lecture,Open,2
DS-UA,DS-UA 301,,005,13842,Staff,F 8-9:15a,Lab,Open,2
EAST-UA,EAST-UA 201,,001,11553,Staff,MTWR 11a-12:15p,Lecture,Open,4
EAST-UA,EAST-UA 201,,002,11554,Staff,MTWR 12:30-1:45p,Lecture,Open,4
EAST-UA,EAST-UA 201,,003,11555,Staff,MTWR 12:30-1:45p,Lecture,Open,4
EAST-UA,EAST-UA 201,,004,11556,Staff,MTWR 3:30-4:45p,Lecture,Open,4
EAST-UA,EAST-UA 202,,001,11558,Staff,MTWR 11a-12:15p,Lecture,Open,2
EAST-UA,EAST-UA 202,,002,11559,Staff,MTWR 3:30-4:45p,Lecture,Open,2
EAST-UA,EAST-UA 203,,001,11560,Staff,MTWR 11a-12:15p,Lecture,Open,2
EAST-UA,EAST-UA 203,,002,11561,Staff,MTWR 2-3:15p,Lecture,Open,2
EAST-UA,EAST-UA 204,,001,11562,Staff,MTWR 11a-12:15p,Lecture,Open,3
EAST-UA,EAST-UA 204,,002,11563,Staff,MTWR 2-3:15p,Lecture,Open,3
EAST-UA,EAST-UA 204,,003,22443,Staff,MTWR 6:20-7:35p,Lecture,Open,3
EAST-UA,EAST-UA 205,,001,11565,Staff,MW 12:30-1:45p,Lecture,Open,2
EAST-UA,EAST-UA 205,,002,11566,Staff,MW 2-3:15p,Lecture,Open,2
EAST-UA,EAST-UA 206,,001,11568,Staff,MW 11a-12:15p,Lecture,Open,2
EAST-UA,EAST-UA 206,,002,11569,Staff,TR 2-3:15p,Lecture,Open,2
EAST-UA,EAST-UA 207,,001,11570,Staff,M 12:30-1:45p,Lecture,Open,1
EAST-UA,EAST-UA 208,,001,11571,Staff,W 12:30-1:45p,Lecture,Open,1
EAST-UA,EAST-UA 213,,001,11572,Staff,R 12:30-1:45p,Lecture,Open,1
EAST-UA,EAST-UA 221,,001,11574,Staff,MW 2-3:15p,Lecture,Open,1
EAST-UA,EAST-UA 224,,001,11576,Staff,TR 12:30-1:45p,Lecture,Open,1
EAST-UA,EAST-UA 226,,001,11577,Staff,MW 3:30-4:45p,Lecture,Open,3
EAST-UA,EAST-UA 226,,002,11578,Staff,TR 6:20-7:35p,Lecture,Open,3
EAST-UA,EAST-UA 226,,003,22444,Staff,MW 6:20-7:35p,Lecture,Open,3
EAST-UA,EAST-UA 231,,001,11637,Staff,MTWR 9:30-10:45a,Lecture,Open,3
EAST-UA,EAST-UA 231,,002,11638,Staff,MTWR 2-3:15p,Lecture,Open,3
EAST-UA,EAST-UA 231,,003,11639,Staff,MTWR 4:55-6:10p,Lecture,Open,3
EAST-UA,EAST-UA 232,,001,11642,Staff,MTWR 9:30-10:45a,Lecture,Open,3
EAST-UA,EAST-UA 232,,002,11643,Staff,MTWR 11a-12:15p,Lecture,Open,3
EAST-UA,EAST-UA 232,,003,11644,Staff,MTWR 4:55-6:10p,Lecture,Open,3
EAST-UA,EAST-UA 247,,001,11579,Staff,MTWR 8-9:15a,Lecture,Open,8
EAST-UA,EAST-UA 247,,002,11580,Staff,MTWR 8-9:15a,Lecture,Open,8
EAST-UA,EAST-UA 247,,003,11582,Staff,MTWR 9:30-10:45a,Lecture,Open,8
EAST-UA,EAST-UA 247,,004,11583,Staff,MTWR 12:30-1:45p,Lecture,Open,8
EAST-UA,EAST-UA 247,,005,11584,Staff,MTWR 2-3:15p,Lecture,Open,8
EAST-UA,EAST-UA 247,,006,11586,Staff,MTWR 3:30-4:45p,Lecture,Open,8
EAST-UA,EAST-UA 247,,007,11587,Staff,MTWR 4:55-6:10p,Lecture,Open,8
EAST-UA,EAST-UA 247,,008,11588,Staff,MTWR 6:20-7:35p,Lecture,Open,8
EAST-UA,EAST-UA 248,,001,11585,Staff,MTWR 8-9:15a,Lecture,Open,4
EAST-UA,EAST-UA 248,,002,11589,Staff,MTWR 11a-12:15p,Lecture,Open,4
EAST-UA,EAST-UA 248,,003,11590,Staff,MTWR 3:30-4:45p,Lecture,Open,4
EAST-UA,EAST-UA 248,,004,11591,Staff,MTWR 4:55-6:10p,Lecture,Open,4
EAST-UA,EAST-UA 249,,001,11593,Staff,MTWR 9:30-10:45a,Lecture,Open,3
EAST-UA,EAST-UA 249,,002,11594,Staff,MTWR 2-3:15p,Lecture,Open,3
EAST-UA,EAST-UA 249,,003,11595,Staff,MTWR 4:55-6:10p,Lecture,Open,3
EAST-UA,EAST-UA 250,,001,11596,Staff,MTWR 12:30-1:45p,Lecture,Open,2
EAST-UA,EAST-UA 250,,002,11597,Staff,MTWR 2-3:15p,Lecture,Open,2
EAST-UA,EAST-UA 252,,001,11598,Staff,MW 11a-12:15p,Lecture,Open,1
EAST-UA,EAST-UA 253,,001,11599,Staff,TR 12:30-1:45p,Lecture,Open,1
EAST-UA,EAST-UA 254,,001,11600,Staff,MTWR 8-9:15a,Lecture,Open,7
EAST-UA,EAST-UA 254,,002,11602,Staff,MTWR 8-9:15a,Lecture,Open,7
EAST-UA,EAST-UA 254,,003,11603,Staff,MTWR 9:30-10:45a,Lecture,Open,7
EAST-UA,EAST-UA 254,,004,11604,Staff,MTWR 11a-12:15p,Lecture,Open,7
EAST-UA,EAST-UA 254,,005,11605,Staff,MTWR 11a-12:15p,Lecture,Open,7
EAST-UA,EAST-UA 254,,006,11606,Staff,MTWR 2-3:15p,Lecture,Open,7
EAST-UA,EAST-UA 254,,007,11607,Staff,MTWR 3:30-4:45p,Lecture,Open,7
EAST-UA,EAST-UA 255,,001,11609,Staff,MTWR 8-9:15a,Lecture,Open,3
EAST-UA,EAST-UA 255,,002,11611,Staff,MTWR 12:30-1:45p,Lecture,Open,3
EAST-UA,EAST-UA 255,,003,11612,Staff,MTWR 2-3:15p,Lecture,Open,3
EAST-UA,EAST-UA 256,,001,11613,Staff,MTWR 9:30-10:45a,Lecture,Open,3
EAST-UA,EAST-UA 256,,002,11614,Staff,MTWR 12:30-1:45p,Lecture,Open,3
EAST-UA,EAST-UA 256,,003,11615,Staff,MTWR 3:30-4:45p,Lecture,Open,3
EAST-UA,EAST-UA 257,,001,11616,Staff,MTWR 2-3:15p,Lecture,Open,1
EAST-UA,EAST-UA 258,,001,11617,Staff,TR 11a-12:15p,Lecture,Open,1
EAST-UA,EAST-UA 259,,001,11619,Staff,MW 11a-12:15p,Lecture,Open,1
EAST-UA,EAST-UA 261,,001,11620,Staff,TR 11a-12:15p,Lecture,Open,2
EAST-UA,EAST-UA 261,,002,11621,Staff,MW 11a-12:15p,Lecture,Open,2
EAST-UA,EAST-UA 262,,001,11618,Staff,MW 11a-12:15p,Lecture,Open,1
EAST-UA,EAST-UA 270,,001,11622,Staff,T 12:30-1:45p,Lecture,Open,1
EAST-UA,EAST-UA 281,,001,11650,Staff,MTWR 9:30-10:45a,Lecture,Open,1
EAST-UA,EAST-UA 282,,001,11651,Staff,MTWR 2-3:15p,Lecture,Open,1
EAST-UA,EAST-UA 302,,001,11657,Staff,M 12:30-1:45p,Lecture,Open,1
EAST-UA,EAST-UA 552,,001,11680,Staff,T 4:55-7:40p,Seminar,Open,1
EAST-UA,EAST-UA 569,,001,11623,Staff,TR 2-3:15p,Seminar,Open,1
EAST-UA,EAST-UA 603,,001,11624,Staff,MW 9:30-10:45a,Lecture,Open,2
EAST-UA,EAST-UA 603,,002,11625,Staff,MW 12:30-1:45p,Lecture,Open,2
EAST-UA,EAST-UA 611,,001,11626,Staff,TR 12:30-1:45p,Lecture,Open,1
EAST-UA,EAST-UA 732,,001,11629,Staff,MW 2-3:15p,Lecture,Open,1
EAST-UA,EAST-UA 735,,001,11630,Staff,TR 3:30-4:45p,Seminar,Open,1
EAST-UA,EAST-UA 950,,001,11631,Staff,MW 9:30-10:45a,Lecture,Open,1
EAST-UA,EAST-UA 950,,002,11632,Staff,M 7:55-10:25p,Lecture,Open,1
EAST-UA,EAST-UA 951,,001,11646,Staff,M 6:20-8:50p,Seminar,Open,2
EAST-UA,EAST-UA 951,,002,11647,Staff,W 6:20-8:50p,Seminar,Open,2
EAST-UA,EAST-UA 951,,003,11648,Staff,W 11a-1:45p,Seminar,Open,1
EAST-UA,EAST-UA 953,,001,11655,Staff,R 4:55-7:25p,Lecture,Open,1
EAST-UA,EAST-UA 980,,001,11634,Staff,Does Not Meet,Independent,Open,1
EAST-UA,EAST-UA 997,,001,11635,Staff,Does Not Meet,Independent,Open,1
ENGL-UA,ENGL-UA 101,,001,6787,Staff,MW 3:30-4:45p,Lecture,Open,12
ENGL-UA,ENGL-UA 101,,002,6788,Staff,TR 12:30-1:45p,Lecture,Open,12
ENGL-UA,ENGL-UA 101,,004,6789,Staff,TR 3:30-4:45p,Lecture,Open,12
ENGL-UA,ENGL-UA 101,,005,6790,Staff,MW 12:30-1:45p,Lecture,Open,12
ENGL-UA,ENGL-UA 101,,008,6791,Staff,R 6:20-7:35p,Recitation,Open,12
ENGL-UA,ENGL-UA 101,,009,6792,Staff,F 11a-12:15p,Recitation,Open,12
ENGL-UA,ENGL-UA 101,,010,6793,Staff,R 6:20-7:35p,Recitation,Open,12
ENGL-UA,ENGL-UA 101,,011,6794,Staff,F 11a-12:15p,Recitation,Open,12
ENGL-UA,ENGL-UA 101,,012,6795,Staff,R 6:20-7:35p,Recitation,Open,12
ENGL-UA,ENGL-UA 101,,013,6796,Staff,F 11a-12:15p,Recitation,Open,12
ENGL-UA,ENGL-UA 101,,014,6797,Staff,R 6:20-7:35p,Recitation,Open,12
ENGL-UA,ENGL-UA 101,,015,6798,Staff,F 11a-12:15p,Recitation,Open,12
ENGL-UA,ENGL-UA 113,,001,6799,Staff,TR 9:30-10:45a,Lecture,Open,5
ENGL-UA,ENGL-UA 113,,002,6800,Staff,F 9:30-10:45a,Recitation,Open,5
ENGL-UA,ENGL-UA 113,,003,6801,Staff,F 11a-12:15p,Recitation,Open,5
ENGL-UA,ENGL-UA 113,,004,6802,Staff,F 9:30-10:45a,Recitation,Open,5
ENGL-UA,ENGL-UA 113,,005,6803,Staff,F 11a-12:15p,Recitation,Open,5
ENGL-UA,ENGL-UA 201,,001,6842,Staff,T 2-4:45p,Seminar,Open,2
ENGL-UA,ENGL-UA 201,,002,6843,Staff,W 2-4:45p,Seminar,Open,2
ENGL-UA,ENGL-UA 250,,001,22179,Staff,MW 12:30-1:45p,Lecture,Open,1
ENGL-UA,ENGL-UA 252,,001,6806,Staff,TR 12:30-1:45p,Seminar,Open,1
ENGL-UA,ENGL-UA 252,,002,6807,Staff,TR 11a-12:15p,Seminar,Open,1
ENGL-UA,ENGL-UA 252,,003,6808,Staff,TR 3:30-4:45p,Seminar,Open,1
ENGL-UA,ENGL-UA 252,,004,21429,Staff,TR 3:30-4:45p,Seminar,Open,1
ENGL-UA,ENGL-UA 252,,005,21430,Staff,MW 2-3:15p,Seminar,Open,1
ENGL-UA,ENGL-UA 252,,006,22041,Staff,TR 11a-12:15p,Seminar,Open,1
ENGL-UA,ENGL-UA 252,,007,22322,Staff,T 2-4:45p,Seminar,Open,2
ENGL-UA,ENGL-UA 252,,008,22323,Staff,TR 11a-12:15p,Seminar,Open,2
ENGL-UA,ENGL-UA 315,,001,6813,Staff,MW 9:30-10:45a,Seminar,Open,1
ENGL-UA,ENGL-UA 410,,001,6814,Staff,MW 11a-12:15p,Lecture,Open,3
ENGL-UA,ENGL-UA 410,,002,6815,Staff,F 11a-12:15p,Recitation,Open,3
ENGL-UA,ENGL-UA 410,,003,6816,Staff,F 9:30-10:45a,Recitation,Open,3
ENGL-UA,ENGL-UA 415,,001,6817,Staff,TR 4:55-6:10p,CLQ,Open,1
ENGL-UA,ENGL-UA 445,,001,22419,Staff,MW 12:30-1:45p,CLQ,Open,1
ENGL-UA,ENGL-UA 450,,001,6818,Staff,W 4:55-7:40p,CLQ,Open,1
ENGL-UA,ENGL-UA 511,,001,6855,Staff,MW 12:30-1:45p,Lecture,Open,3
ENGL-UA,ENGL-UA 511,,002,6856,Staff,W 3:30-4:45p,Recitation,Open,3
ENGL-UA,ENGL-UA 511,,003,6857,Staff,W 4:55-6:10p,Recitation,Open,3
ENGL-UA,ENGL-UA 59,,001,22420,Staff,TR 9:30-10:45a,Lecture,Open,1
ENGL-UA,ENGL-UA 607,,001,6819,Staff,MW 11a-12:15p,Lecture,Open,1
ENGL-UA,ENGL-UA 625,,001,21431,Staff,MW 9:30-10:45a,CLQ,Open,1
ENGL-UA,ENGL-UA 700,,001,6821,Staff,MW 2-3:15p,Seminar,Open,1
ENGL-UA,ENGL-UA 700,,002,21070,Staff,F 9:30-10:45a,Recitation,Open,2
ENGL-UA,ENGL-UA 700,,003,21197,Staff,F 11a-12:15p,Recitation,Open,2
ENGL-UA,ENGL-UA 712,,002,6823,Staff,M 2-4:45p,Lecture,Open,1
ENGL-UA,ENGL-UA 735,,001,6824,Staff,TR 9:30-10:45a,Lecture,Open,3
ENGL-UA,ENGL-UA 735,,002,6825,Staff,TR 3:30-4:45p,Lecture,Open,3
ENGL-UA,ENGL-UA 735,,003,6826,Staff,MW 3:30-4:45p,Lecture,Open,3
ENGL-UA,ENGL-UA 775,,001,6850,Staff,R 2-4:45p,Seminar,Open,1
ENGL-UA,ENGL-UA 780,,001,6827,Staff,MW 11a-12:15p,Lecture,Open,1
ENGL-UA,ENGL-UA 800,,002,6829,Staff,T 2-4:45p,Seminar,Open,1
ENGL-UA,ENGL-UA 800,,003,6830,Staff,M 2-4:45p,Seminar,Open,1
ENGL-UA,ENGL-UA 800,,004,6831,Staff,R 11a-1:45p,Seminar,Open,1
ENGL-UA,ENGL-UA 800,,005,6832,Staff,T 9:15a-12:15p,Seminar,Open,1
ENGL-UA,ENGL-UA 910,,001,6851,Staff,Does Not Meet,Seminar,Open,2
ENGL-UA,ENGL-UA 910,,002,6852,Staff,Does Not Meet,Seminar,Open,2
ENGL-UA,ENGL-UA 911,,001,6853,Staff,R 12:30-2:30p,CLQ,Open,2
ENGL-UA,ENGL-UA 911,,002,6854,Staff,R 12:30-2:30p,CLQ,Open,2
ENGL-UA,ENGL-UA 925,,001,6833,Staff,Does Not Meet,Independent,Open,1
ENGL-UA,ENGL-UA 926,,001,6835,Staff,W 12:30-1:45p,CLQ,Open,1
ENGL-UA,ENGL-UA 954,,001,6837,Staff,W 11a-1:45p,Seminar,Open,1
ENGL-UA,ENGL-UA 973,,001,6838,Staff,T 2-4:45p,Seminar,Open,1
ENGL-UA,ENGL-UA 975,,001,6839,Staff,W 2-4:45p,Lecture,Open,1
ENGL-UA,ENGL-UA 980,,001,6840,Staff,Does Not Meet,Independent,Open,1
ENGL-UA,ENGL-UA 995,,001,6844,Staff,M 4:55-6:10p,Lab,Open,1
ENGL-UA,ENGL-UA 996,,001,6864,Staff,T 11a-12:15p,Lecture,Open,1
ENGL-UA,ENGL-UA 997,,001,6859,Staff,Does Not Meet,Independent,Open,1
ENGL-UA,ENGL-UA 999,,001,6860,Staff,Does Not Meet,WKS,Open,1
ENVST-UA,ENVST-UA 100,,001,5461,Staff,MW 11a-12:15p,Lecture,Open,7
ENVST-UA,ENVST-UA 100,,002,5462,Staff,T 8-9:15a,Recitation,Open,7
ENVST-UA,ENVST-UA 100,,003,5463,Staff,T 8-9:15a,Recitation,Open,7
ENVST-UA,ENVST-UA 100,,004,5464,Staff,R 8-9:15a,Recitation,Open,7
ENVST-UA,ENVST-UA 100,,005,5465,Staff,R 8-9:15a,Recitation,Open,7
ENVST-UA,ENVST-UA 100,,006,5467,Staff,F 8-9:15a,Recitation,Open,7
ENVST-UA,ENVST-UA 100,,007,5468,Staff,F 8-9:15a,Recitation,Open,7
ENVST-UA,ENVST-UA 310,,001,5493,Staff,TR 11a-12:15p,Lecture,Open,1
ENVST-UA,ENVST-UA 320,,001,5470,Staff,MW 9:30-10:45a,Seminar,Open,1
ENVST-UA,ENVST-UA 323,,001,5491,Staff,TR 2-3:15p,Lecture,Open,1
ENVST-UA,ENVST-UA 325,,001,8265,Staff,TR 11a-12:15p,Lecture,Open,1
ENVST-UA,ENVST-UA 360,,001,22189,Staff,MW 2-3:15p,Lecture,Open,2
ENVST-UA,ENVST-UA 360,,002,22207,Staff,F 12:30-1:45p,Lab,Open,2
ENVST-UA,ENVST-UA 372,,001,5471,Staff,R 5-8p,Lecture,Open,1
ENVST-UA,ENVST-UA 450,,001,5472,Staff,MW 2-3:15p,Seminar,Open,1
ENVST-UA,ENVST-UA 450,,002,5473,Staff,MW 12:30-1:45p,Seminar,Open,1
ENVST-UA,ENVST-UA 450,,003,5474,Staff,MW 12:30-1:45p,Seminar,Open,1
ENVST-UA,ENVST-UA 450,,006,5477,Staff,TR 3:30-4:45p,Seminar,Open,1
ENVST-UA,ENVST-UA 470,,001,5488,Staff,M 4:55-7:25p,Lecture,Open,1
ENVST-UA,ENVST-UA 630,,001,5490,Staff,T 8-10:30a,Seminar,Open,1
ENVST-UA,ENVST-UA 800,,001,5478,Staff,R 2-4:30p; R 2-4:30p,Seminar,Open,1
ENVST-UA,ENVST-UA 900,,001,5479,Staff,TR 11a-12:15p,Seminar,Open,1
EURO-UA,EURO-UA 167,,001,22317,Staff,T 8-10:45a,Lecture,Open,1
EURO-UA,EURO-UA 292,,001,6769,Staff,T 12-2:45p,Seminar,Open,1
EURO-UA,EURO-UA 765,,001,11730,Staff,M 3-5:45p,Seminar,Open,1
EURO-UA,EURO-UA 950,,001,6773,Staff,W 3-5:45p,Seminar,Open,1
EURO-UA,EURO-UA 981,,001,6770,Staff,Does Not Meet,Internship,Open,1
EURO-UA,EURO-UA 983,,001,6771,Staff,M 12-2:45p,Seminar,Open,1
EURO-UA,EURO-UA 998,,001,6772,Staff,Does Not Meet,Independent,Open,1
EXPOS-UA,EXPOS-UA 1,,001,15193,Staff,TR 12:30-1:45p,Lecture,Open,82
EXPOS-UA,EXPOS-UA 1,,002,15194,Staff,MW 12:30-1:45p,Lecture,Open,82
EXPOS-UA,EXPOS-UA 1,,003,15195,Staff,TR 11a-12:15p,Lecture,Open,82
EXPOS-UA,EXPOS-UA 1,,004,15196,Staff,MW 2-3:15p,Lecture,Open,82
EXPOS-UA,EXPOS-UA 1,,005,15197,Staff,TR 9:30-10:45a,Lecture,Open,82
EXPOS-UA,EXPOS-UA 1,,006,15198,Staff,TR 8-9:15a,Lecture,Open,82
EXPOS-UA,EXPOS-UA 1,,007,15199,Staff,MW 11a-12:15p,Lecture,Open,82
EXPOS-UA,EXPOS-UA 1,,008,15200,Staff,TR 8-9:15a,Lecture,Open,82
EXPOS-UA,EXPOS-UA 1,,013,15205,Staff,MW 8-9:15a,Lecture,Open,82
EXPOS-UA,EXPOS-UA 1,,014,15206,Staff,TR 8-9:15a,Lecture,Open,82
EXPOS-UA,EXPOS-UA 1,,015,15207,Staff,MW 4:55-6:10p,Lecture,Open,82
EXPOS-UA,EXPOS-UA 1,,017,15208,Staff,TR 9:30-10:45a,Lecture,Open,82
EXPOS-UA,EXPOS-UA 1,,018,15209,Staff,MW 8-9:15a,Lecture,Open,82
EXPOS-UA,EXPOS-UA 1,,019,15210,Staff,MW 9:30-10:45a,Lecture,Open,82
EXPOS-UA,EXPOS-UA 1,,020,15211,Staff,MW 9:30-10:45a,Lecture,Open,82
EXPOS-UA,EXPOS-UA 1,,021,15212,Staff,TR 9:30-10:45a,Lecture,Open,82
EXPOS-UA,EXPOS-UA 1,,022,15213,Staff,MW 9:30-10:45a,Lecture,Open,82
EXPOS-UA,EXPOS-UA 1,,023,15214,Staff,MW 4:55-6:10p,Lecture,Open,82
EXPOS-UA,EXPOS-UA 1,,024,15215,Staff,MW 8-9:15a,Lecture,Open,82
EXPOS-UA,EXPOS-UA 1,,025,15216,Staff,TR 8-9:15a,Lecture,Open,82
EXPOS-UA,EXPOS-UA 1,,026,15217,Staff,TR 9:30-10:45a,Lecture,Open,82
EXPOS-UA,EXPOS-UA 1,,027,15218,Staff,TR 9:30-10:45a,Lecture,Open,82
EXPOS-UA,EXPOS-UA 1,,028,15219,Staff,TR 8-9:15a,Lecture,Open,82
EXPOS-UA,EXPOS-UA 1,,029,15220,Staff,MW 11a-12:15p,Lecture,Open,82
EXPOS-UA,EXPOS-UA 1,,030,15221,Staff,TR 11a-12:15p,Lecture,Open,82
EXPOS-UA,EXPOS-UA 1,,031,15222,Staff,TR 11a-12:15p,Lecture,Open,82
EXPOS-UA,EXPOS-UA 1,,033,15223,Staff,MW 11a-12:15p,Lecture,Open,82
EXPOS-UA,EXPOS-UA 1,,034,15224,Staff,MW 11a-12:15p,Lecture,Open,82
EXPOS-UA,EXPOS-UA 1,,035,15225,Staff,TR 9:30-10:45a,Lecture,Open,82
EXPOS-UA,EXPOS-UA 1,,036,15226,Staff,TR 9:30-10:45a,Lecture,Open,82
EXPOS-UA,EXPOS-UA 1,,037,15227,Staff,TR 3:30-4:45p,Lecture,Open,82
EXPOS-UA,EXPOS-UA 1,,039,15228,Staff,TR 11a-12:15p,Lecture,Open,82
EXPOS-UA,EXPOS-UA 1,,040,15229,Staff,TR 11a-12:15p,Lecture,Open,82
EXPOS-UA,EXPOS-UA 1,,041,15230,Staff,MW 8-9:15a,Lecture,Open,82
EXPOS-UA,EXPOS-UA 1,,042,15231,Staff,TR 11a-12:15p,Lecture,Open,82
EXPOS-UA,EXPOS-UA 1,,043,15232,Staff,MW 12:30-1:45p,Lecture,Open,82
EXPOS-UA,EXPOS-UA 1,,044,15233,Staff,MW 8-9:15a,Lecture,Open,82
EXPOS-UA,EXPOS-UA 1,,045,15234,Staff,TR 12:30-1:45p,Lecture,Open,82
EXPOS-UA,EXPOS-UA 1,,046,15235,Staff,MW 12:30-1:45p,Lecture,Open,82
EXPOS-UA,EXPOS-UA 1,,049,15237,Staff,TR 2-3:15p,Lecture,Open,82
EXPOS-UA,EXPOS-UA 1,,050,15238,Staff,MW 9:30-10:45a,Lecture,Open,82
EXPOS-UA,EXPOS-UA 1,,051,15239,Staff,MW 3:30-4:45p,Lecture,Open,82
EXPOS-UA,EXPOS-UA 1,,052,15240,Staff,TR 12:30-1:45p,Lecture,Open,82
EXPOS-UA,EXPOS-UA 1,,053,15241,Staff,TR 12:30-1:45p,Lecture,Open,82
EXPOS-UA,EXPOS-UA 1,,054,15242,Staff,TR 12:30-1:45p,Lecture,Open,82
EXPOS-UA,EXPOS-UA 1,,055,15243,Staff,MW 12:30-1:45p,Lecture,Open,82
EXPOS-UA,EXPOS-UA 1,,056,15244,Staff,TR 12:30-1:45p,Lecture,Open,82
EXPOS-UA,EXPOS-UA 1,,057,15245,Staff,MW 9:30-10:45a,Lecture,Open,82
EXPOS-UA,EXPOS-UA 1,,058,15246,Staff,MW 8-9:15a,Lecture,Open,82
EXPOS-UA,EXPOS-UA 1,,059,15247,Staff,MW 2-3:15p,Lecture,Open,82
EXPOS-UA,EXPOS-UA 1,,060,15248,Staff,TR 2-3:15p,Lecture,Open,82
EXPOS-UA,EXPOS-UA 1,,061,15249,Staff,TR 2-3:15p,Lecture,Open,82
EXPOS-UA,EXPOS-UA 1,,062,15250,Staff,MW 2-3:15p,Lecture,Open,82
EXPOS-UA,EXPOS-UA 1,,063,15251,Staff,MW 2-3:15p,Lecture,Open,82
EXPOS-UA,EXPOS-UA 1,,064,15252,Staff,TR 12:30-1:45p,Lecture,Open,82
EXPOS-UA,EXPOS-UA 1,,066,15254,Staff,MW 3:30-4:45p,Lecture,Open,82
EXPOS-UA,EXPOS-UA 1,,067,15255,Staff,TR 2-3:15p,Lecture,Open,82
EXPOS-UA,EXPOS-UA 1,,068,15256,Staff,TR 2-3:15p,Lecture,Open,82
EXPOS-UA,EXPOS-UA 1,,069,15257,Staff,TR 2-3:15p,Lecture,Open,82
EXPOS-UA,EXPOS-UA 1,,071,15259,Staff,TR 2-3:15p,Lecture,Open,82
EXPOS-UA,EXPOS-UA 1,,072,15260,Staff,TR 2-3:15p,Lecture,Open,82
EXPOS-UA,EXPOS-UA 1,,074,15261,Staff,TR 3:30-4:45p,Lecture,Open,82
EXPOS-UA,EXPOS-UA 1,,075,15262,Staff,MW 4:55-6:10p,Lecture,Open,82
EXPOS-UA,EXPOS-UA 1,,076,15263,Staff,MW 3:30-4:45p,Lecture,Open,82
EXPOS-UA,EXPOS-UA 1,,077,15264,Staff,TR 3:30-4:45p,Lecture,Open,82
EXPOS-UA,EXPOS-UA 1,,078,15265,Staff,MW 3:30-4:45p,Lecture,Open,82
EXPOS-UA,EXPOS-UA 1,,079,15266,Staff,MW 3:30-4:45p,Lecture,Open,82
EXPOS-UA,EXPOS-UA 1,,081,15268,Staff,TR 4:55-6:10p,Lecture,Open,82
EXPOS-UA,EXPOS-UA 1,,082,15269,Staff,TR 3:30-4:45p,Lecture,Open,82
EXPOS-UA,EXPOS-UA 1,,083,15270,Staff,MW 8-9:15a,Lecture,Open,82
EXPOS-UA,EXPOS-UA 1,,084,15271,Staff,TR 9:30-10:45a,Lecture,Open,82
EXPOS-UA,EXPOS-UA 1,,085,15272,Staff,TR 3:30-4:45p,Lecture,Open,82
EXPOS-UA,EXPOS-UA 1,,086,15273,Staff,TR 3:30-4:45p,Lecture,Open,82
EXPOS-UA,EXPOS-UA 1,,089,15275,Staff,MW 4:55-6:10p,Lecture,Open,82
EXPOS-UA,EXPOS-UA 1,,090,15276,Staff,TR 11a-12:15p,Lecture,Open,82
EXPOS-UA,EXPOS-UA 1,,092,15278,Staff,TR 8-9:15a,Lecture,Open,82
EXPOS-UA,EXPOS-UA 1,,093,15279,Staff,TR 4:55-6:10p,Lecture,Open,82
EXPOS-UA,EXPOS-UA 1,,095,15280,Staff,TR 9:30-10:45a,Lecture,Open,82
EXPOS-UA,EXPOS-UA 1,,097,15281,Staff,MW 4:55-6:10p,Lecture,Open,82
EXPOS-UA,EXPOS-UA 1,,098,15282,Staff,MW 2-3:15p,Lecture,Open,82
EXPOS-UA,EXPOS-UA 1,,099,15283,Staff,TR 12:30-1:45p,Lecture,Open,82
EXPOS-UA,EXPOS-UA 1,,143,15284,Staff,TR 12:30-1:45p,Lecture,Open,82
EXPOS-UA,EXPOS-UA 12,,001,21985,Staff,R 2-4:30p,Seminar,Open,1
EXPOS-UA,EXPOS-UA 13,,001,15181,Staff,MW 8-9:15a,Lecture,Open,2
EXPOS-UA,EXPOS-UA 13,,002,15182,Staff,TR 8-9:15a,Lecture,Open,2
EXPOS-UA,EXPOS-UA 18,,001,15183,Staff,W 2-3:15p,Lecture,Open,2
EXPOS-UA,EXPOS-UA 18,,002,15184,Staff,M 11a-12:15p,Lecture,Open,2
EXPOS-UA,EXPOS-UA 19,,001,15361,Staff,T 2-4:30p,Seminar,Open,1
EXPOS-UA,EXPOS-UA 3,,001,15185,Staff,TR 2-4:45p,Lecture,Open,7
EXPOS-UA,EXPOS-UA 3,,002,15186,Staff,MW 8-10:45a,Lecture,Open,7
EXPOS-UA,EXPOS-UA 3,,007,15187,Staff,MW 2-4:45p,Lecture,Open,7
EXPOS-UA,EXPOS-UA 3,,008,15188,Staff,TR 9:30a-12:15p,Lecture,Open,7
EXPOS-UA,EXPOS-UA 3,,009,15189,Staff,MW 3:30-6:10p,Lecture,Open,7
EXPOS-UA,EXPOS-UA 3,,010,15190,Staff,MW 12:30-3:15p,Lecture,Open,7
EXPOS-UA,EXPOS-UA 3,,011,15191,Staff,TR 12:30-3:15p,Lecture,Open,7
EXPOS-UA,EXPOS-UA 4,,002,15145,Staff,MW 9:30-10:45a,Lecture,Open,19
EXPOS-UA,EXPOS-UA 4,,003,15146,Staff,TR 8-9:15a,Lecture,Open,19
EXPOS-UA,EXPOS-UA 4,,004,15147,Staff,MW 4:55-6:10p,Lecture,Open,19
EXPOS-UA,EXPOS-UA 4,,005,15148,Staff,MW 11a-12:15p,Lecture,Open,19
EXPOS-UA,EXPOS-UA 4,,006,15149,Staff,TR 11a-12:15p,Lecture,Open,19
EXPOS-UA,EXPOS-UA 4,,007,15150,Staff,MW 12:30-1:45p,Lecture,Open,19
EXPOS-UA,EXPOS-UA 4,,008,15151,Staff,TR 12:30-1:45p,Lecture,Open,19
EXPOS-UA,EXPOS-UA 4,,009,15152,Staff,MW 11a-12:15p,Lecture,Open,19
EXPOS-UA,EXPOS-UA 4,,010,15153,Staff,TR 8-9:15a,Lecture,Open,19
EXPOS-UA,EXPOS-UA 4,,013,15155,Staff,MW 11a-12:15p,Lecture,Open,19
EXPOS-UA,EXPOS-UA 4,,014,15156,Staff,MW 3:30-4:45p,Lecture,Open,19
EXPOS-UA,EXPOS-UA 4,,016,15157,Staff,MW 2-3:15p,Lecture,Open,19
EXPOS-UA,EXPOS-UA 4,,017,15158,Staff,TR 2-3:15p,Lecture,Open,19
EXPOS-UA,EXPOS-UA 4,,020,15159,Staff,MW 4:55-6:10p,Lecture,Open,19
EXPOS-UA,EXPOS-UA 4,,021,15160,Staff,TR 2-3:15p,Lecture,Open,19
EXPOS-UA,EXPOS-UA 4,,022,15161,Staff,TR 3:30-4:45p,Lecture,Open,19
EXPOS-UA,EXPOS-UA 4,,023,15162,Staff,MW 2-3:15p,Lecture,Open,19
EXPOS-UA,EXPOS-UA 4,,024,15163,Staff,TR 9:30-10:45a,Lecture,Open,19
EXPOS-UA,EXPOS-UA 4,,032,15164,Staff,TR 4:55-6:10p,Lecture,Open,19
EXPOS-UA,EXPOS-UA 5,,001,15287,Staff,Does Not Meet,Lecture,Open,68
EXPOS-UA,EXPOS-UA 5,,002,15288,Staff,MW 4:55-6:10p,WKS,Open,68
EXPOS-UA,EXPOS-UA 5,,003,15289,Staff,MW 11a-12:15p,WKS,Open,68
EXPOS-UA,EXPOS-UA 5,,004,15290,Staff,MW 9:30-10:45a,WKS,Open,68
EXPOS-UA,EXPOS-UA 5,,005,15291,Staff,MW 9:30-10:45a,WKS,Open,68
EXPOS-UA,EXPOS-UA 5,,006,15292,Staff,MW 11a-12:15p,WKS,Open,68
EXPOS-UA,EXPOS-UA 5,,007,15293,Staff,MW 4:55-6:10p,WKS,Open,68
EXPOS-UA,EXPOS-UA 5,,008,15294,Staff,MW 12:30-1:45p,WKS,Open,68
EXPOS-UA,EXPOS-UA 5,,009,15295,Staff,MW 12:30-1:45p,WKS,Open,68
EXPOS-UA,EXPOS-UA 5,,010,15296,Staff,MW 2-3:15p,WKS,Open,68
EXPOS-UA,EXPOS-UA 5,,011,15297,Staff,MW 12:30-1:45p,WKS,Open,68
EXPOS-UA,EXPOS-UA 5,,012,15298,Staff,MW 4:55-6:10p,WKS,Open,68
EXPOS-UA,EXPOS-UA 5,,013,15299,Staff,MW 3:30-4:45p,WKS,Open,68
EXPOS-UA,EXPOS-UA 5,,014,15300,Staff,MW 3:30-4:45p,WKS,Open,68
EXPOS-UA,EXPOS-UA 5,,017,15303,Staff,TR 3:30-4:45p,WKS,Open,68
EXPOS-UA,EXPOS-UA 5,,018,15304,Staff,TR 8-9:15a,WKS,Open,68
EXPOS-UA,EXPOS-UA 5,,019,15305,Staff,TR 4:55-6:10p,WKS,Open,68
EXPOS-UA,EXPOS-UA 5,,020,15306,Staff,MW 11a-12:15p,WKS,Open,68
EXPOS-UA,EXPOS-UA 5,,021,15307,Staff,Does Not Meet,Lecture,Open,68
EXPOS-UA,EXPOS-UA 5,,022,15308,Staff,MW 3:30-4:45p,WKS,Open,68
EXPOS-UA,EXPOS-UA 5,,023,15309,Staff,MW 9:30-10:45a,WKS,Open,68
EXPOS-UA,EXPOS-UA 5,,024,15310,Staff,MW 9:30-10:45a,WKS,Open,68
EXPOS-UA,EXPOS-UA 5,,025,15311,Staff,MW 2-3:15p,WKS,Open,68
EXPOS-UA,EXPOS-UA 5,,026,15312,Staff,MW 11a-12:15p,WKS,Open,68
EXPOS-UA,EXPOS-UA 5,,027,15313,Staff,MW 2-3:15p,WKS,Open,68
EXPOS-UA,EXPOS-UA 5,,028,15314,Staff,MW 12:30-1:45p,WKS,Open,68
EXPOS-UA,EXPOS-UA 5,,030,15316,Staff,MW 3:30-4:45p,WKS,Open,68
EXPOS-UA,EXPOS-UA 5,,031,15317,Staff,MW 12:30-1:45p,WKS,Open,68
EXPOS-UA,EXPOS-UA 5,,032,15318,Staff,TR 11a-12:15p,WKS,Open,68
EXPOS-UA,EXPOS-UA 5,,033,15319,Staff,MW 2-3:15p,WKS,Open,68
EXPOS-UA,EXPOS-UA 5,,034,15320,Staff,TR 9:30-10:45a,WKS,Open,68
EXPOS-UA,EXPOS-UA 5,,035,15321,Staff,MW 4:55-6:10p,WKS,Open,68
EXPOS-UA,EXPOS-UA 5,,036,15322,Staff,TR 12:30-1:45p,WKS,Open,68
EXPOS-UA,EXPOS-UA 5,,037,15323,Staff,TR 11a-12:15p,WKS,Open,68
EXPOS-UA,EXPOS-UA 5,,039,15325,Staff,TR 8-9:15a,WKS,Open,68
EXPOS-UA,EXPOS-UA 5,,040,15326,Staff,Does Not Meet,Lecture,Open,68
EXPOS-UA,EXPOS-UA 5,,041,15327,Staff,TR 8-9:15a,WKS,Open,68
EXPOS-UA,EXPOS-UA 5,,042,15328,Staff,TR 2-3:15p,WKS,Open,68
EXPOS-UA,EXPOS-UA 5,,043,15329,Staff,TR 9:30-10:45a,WKS,Open,68
EXPOS-UA,EXPOS-UA 5,,044,15330,Staff,MW 9:30-10:45a,WKS,Open,68
EXPOS-UA,EXPOS-UA 5,,045,15331,Staff,MW 12:30-1:45p,WKS,Open,68
EXPOS-UA,EXPOS-UA 5,,046,15332,Staff,MW 9:30-10:45a,WKS,Open,68
EXPOS-UA,EXPOS-UA 5,,047,15333,Staff,MW 2-3:15p,WKS,Open,68
EXPOS-UA,EXPOS-UA 5,,048,15334,Staff,MW 12:30-1:45p,WKS,Open,68
EXPOS-UA,EXPOS-UA 5,,049,15335,Staff,MW 12:30-1:45p,WKS,Open,68
EXPOS-UA,EXPOS-UA 5,,050,15336,Staff,MW 3:30-4:45p,WKS,Open,68
EXPOS-UA,EXPOS-UA 5,,051,15337,Staff,MW 4:55-6:10p,WKS,Open,68
EXPOS-UA,EXPOS-UA 5,,052,15338,Staff,MW 3:30-4:45p,WKS,Open,68
EXPOS-UA,EXPOS-UA 5,,053,15339,Staff,MW 11a-12:15p,WKS,Open,68
EXPOS-UA,EXPOS-UA 5,,054,15340,Staff,TR 3:30-4:45p,WKS,Open,68
EXPOS-UA,EXPOS-UA 5,,056,15341,Staff,MW 9:30-10:45a,WKS,Open,68
EXPOS-UA,EXPOS-UA 5,,057,15342,Staff,MW 4:55-6:10p,WKS,Open,68
EXPOS-UA,EXPOS-UA 5,,058,15343,Staff,Does Not Meet,Lecture,Open,68
EXPOS-UA,EXPOS-UA 5,,060,15344,Staff,MW 8-9:15a,WKS,Open,68
EXPOS-UA,EXPOS-UA 5,,062,15346,Staff,MW 2-3:15p,WKS,Open,68
EXPOS-UA,EXPOS-UA 5,,063,15347,Staff,TR 12:30-1:45p,WKS,Open,68
EXPOS-UA,EXPOS-UA 5,,064,15348,Staff,MW 2-3:15p,WKS,Open,68
EXPOS-UA,EXPOS-UA 5,,065,15349,Staff,MW 3:30-4:45p,WKS,Open,68
EXPOS-UA,EXPOS-UA 5,,066,15350,Staff,MW 9:30-10:45a,WKS,Open,68
EXPOS-UA,EXPOS-UA 5,,069,15351,Staff,MW 11a-12:15p,WKS,Open,68
EXPOS-UA,EXPOS-UA 5,,070,15352,Staff,MW 12:30-1:45p,WKS,Open,68
EXPOS-UA,EXPOS-UA 5,,071,15353,Staff,MW 3:30-4:45p,WKS,Open,68
EXPOS-UA,EXPOS-UA 5,,072,15354,Staff,TR 8-9:15a,WKS,Open,68
EXPOS-UA,EXPOS-UA 5,,073,15355,Staff,MW 3:30-4:45p,WKS,Open,68
EXPOS-UA,EXPOS-UA 5,,075,15356,Staff,TR 11a-12:15p,WKS,Open,68
EXPOS-UA,EXPOS-UA 5,,076,15357,Staff,MW 9:30-10:45a,WKS,Open,68
EXPOS-UA,EXPOS-UA 5,,077,15358,Staff,TR 2-3:15p,WKS,Open,68
EXPOS-UA,EXPOS-UA 5,,078,15359,Staff,TR 9:30-10:45a,WKS,Open,68
EXPOS-UA,EXPOS-UA 9,,001,15167,Staff,MW 8-9:15a,Lecture,Open,13
EXPOS-UA,EXPOS-UA 9,,003,15168,Staff,MW 11a-12:15p,Lecture,Open,13
EXPOS-UA,EXPOS-UA 9,,005,15169,Staff,TR 9:30-10:45a,Lecture,Open,13
EXPOS-UA,EXPOS-UA 9,,006,15170,Staff,TR 11a-12:15p,Lecture,Open,13
EXPOS-UA,EXPOS-UA 9,,007,15171,Staff,MW 12:30-1:45p,Lecture,Open,13
EXPOS-UA,EXPOS-UA 9,,008,15172,Staff,TR 12:30-1:45p,Lecture,Open,13
EXPOS-UA,EXPOS-UA 9,,009,15173,Staff,MW 2-3:15p,Lecture,Open,13
EXPOS-UA,EXPOS-UA 9,,010,15174,Staff,TR 2-3:15p,Lecture,Open,13
EXPOS-UA,EXPOS-UA 9,,012,15175,Staff,MW 8-9:15a,Lecture,Open,13
EXPOS-UA,EXPOS-UA 9,,013,15176,Staff,MW 8-9:15a,Lecture,Open,13
EXPOS-UA,EXPOS-UA 9,,014,15177,Staff,MW 8-9:15a,Lecture,Open,13
EXPOS-UA,EXPOS-UA 9,,015,15178,Staff,MW 4:55-6:10p,Lecture,Open,13
EXPOS-UA,EXPOS-UA 9,,016,15179,Staff,MW 11a-12:15p,Lecture,Open,13
FREN-UA,FREN-UA 1,,001,16924,Staff,MWF 8-9:15a,Lecture,Open,11
FREN-UA,FREN-UA 1,,002,16925,Staff,MWF 9:30-10:45a,Lecture,Open,11
FREN-UA,FREN-UA 1,,003,16926,Staff,MWF 11a-12:15p,Lecture,Open,11
FREN-UA,FREN-UA 1,,004,16927,Staff,MWF 12:30-1:45p,Lecture,Open,11
FREN-UA,FREN-UA 1,,005,16929,Staff,MWF 2-3:15p,Lecture,Open,11
FREN-UA,FREN-UA 1,,006,16931,Staff,MWF 2-3:15p,Lecture,Open,11
FREN-UA,FREN-UA 1,,007,16932,Staff,MWF 3:30-4:45p,Lecture,Open,11
FREN-UA,FREN-UA 1,,008,16933,Staff,MWF 4:55-6:10p,Lecture,Open,11
FREN-UA,FREN-UA 1,,009,16934,Staff,TRF 9:30-10:45a,Lecture,Open,11
FREN-UA,FREN-UA 1,,010,16935,Staff,TRF 3:30-4:45p,Lecture,Open,11
FREN-UA,FREN-UA 1,,011,16936,Staff,TR 12:30-2:30p,Lecture,Open,11
FREN-UA,FREN-UA 10,,001,16943,Staff,MTWRF 8-9:15a,Lecture,Open,3
FREN-UA,FREN-UA 10,,002,16944,Staff,MTWRF 9:30-10:45a,Lecture,Open,3
FREN-UA,FREN-UA 10,,003,16945,Staff,MTWRF 11a-12:15p,Lecture,Open,3
FREN-UA,FREN-UA 101,,001,16969,Staff,TRF 9:30-10:45a,Lecture,Open,3
FREN-UA,FREN-UA 101,,002,16971,Staff,TRF 11a-12:15p,Lecture,Open,3
FREN-UA,FREN-UA 101,,003,16973,Staff,TRF 2-3:15p,Lecture,Open,3
FREN-UA,FREN-UA 103,,001,16975,Staff,TR 11a-12:15p,Lecture,Open,1
FREN-UA,FREN-UA 105,,001,16977,Staff,MW 11a-12:15p,Lecture,Open,4
FREN-UA,FREN-UA 105,,002,16979,Staff,MW 2-3:15p,Lecture,Open,4
FREN-UA,FREN-UA 105,,010,16981,Staff,F 11a-12:15p,Lab,Open,4
FREN-UA,FREN-UA 105,,020,16983,Staff,F 2-3:15p,Lab,Open,4
FREN-UA,FREN-UA 107,,001,16985,Staff,TR 2-3:15p,Lecture,Open,1
FREN-UA,FREN-UA 11,,001,16946,Staff,TRF 8-9:15a,Lecture,Open,7
FREN-UA,FREN-UA 11,,002,16947,Staff,TRF 9:30-10:45a,Lecture,Open,7
FREN-UA,FREN-UA 11,,003,16948,Staff,TRF 11a-12:15p,Lecture,Open,7
FREN-UA,FREN-UA 11,,004,16949,Staff,TRF 12:30-1:45p,Lecture,Open,7
FREN-UA,FREN-UA 11,,005,16950,Staff,TRF 2-3:15p,Lecture,Open,7
FREN-UA,FREN-UA 11,,006,16951,Staff,TRF 3:30-4:45p,Lecture,Open,7
FREN-UA,FREN-UA 11,,007,16952,Staff,TR 12:30-2:30p,Lecture,Open,7
FREN-UA,FREN-UA 110,,001,16987,Staff,MW 9:30-10:45a,Lecture,Open,1
FREN-UA,FREN-UA 12,,001,16953,Staff,TRF 8-9:15a,Lecture,Open,7
FREN-UA,FREN-UA 12,,002,16954,Staff,TRF 9:30-10:45a,Lecture,Open,7
FREN-UA,FREN-UA 12,,003,16955,Staff,TRF 11a-12:15p,Lecture,Open,7
FREN-UA,FREN-UA 12,,004,16956,Staff,TRF 12:30-1:45p,Lecture,Open,7
FREN-UA,FREN-UA 12,,005,16957,Staff,TRF 3:30-4:45p,Lecture,Open,7
FREN-UA,FREN-UA 12,,006,16958,Staff,TRF 4:55-6:10p,Lecture,Open,7
FREN-UA,FREN-UA 12,,007,16959,Staff,TR 12:30-2:30p,Lecture,Open,7
FREN-UA,FREN-UA 140,,001,17019,Staff,MW 9:30-10:45a,Lecture,Open,1
FREN-UA,FREN-UA 163,,001,16989,Staff,TR 2-3:15p,Lecture,Open,1
FREN-UA,FREN-UA 2,,001,16937,Staff,MWF 8-9:15a,Lecture,Open,6
FREN-UA,FREN-UA 2,,002,16938,Staff,MWF 9:30-10:45a,Lecture,Open,6
FREN-UA,FREN-UA 2,,003,16939,Staff,MWF 11a-12:15p,Lecture,Open,6
FREN-UA,FREN-UA 2,,004,16940,Staff,MWF 12:30-1:45p,Lecture,Open,6
FREN-UA,FREN-UA 2,,005,16941,Staff,MWF 2-3:15p,Lecture,Open,6
FREN-UA,FREN-UA 2,,006,16942,Staff,TR 12:30-2:30p,Lecture,Open,6
FREN-UA,FREN-UA 20,,001,16960,Staff,MTWRF 8-9:15a,Lecture,Open,3
FREN-UA,FREN-UA 20,,002,16961,Staff,MTWRF 9:30-10:45a,Lecture,Open,3
FREN-UA,FREN-UA 20,,003,16962,Staff,MTWRF 12:30-1:45p,Lecture,Open,3
FREN-UA,FREN-UA 30,,001,16963,Staff,MWF 9:30-10:45a,Lecture,Open,5
FREN-UA,FREN-UA 30,,002,16965,Staff,MWF 11a-12:15p,Lecture,Open,5
FREN-UA,FREN-UA 30,,003,17422,Staff,MWF 12:30-1:45p,Lecture,Open,5
FREN-UA,FREN-UA 30,,004,16967,Staff,MWF 2-3:15p,Lecture,Open,5
FREN-UA,FREN-UA 30,,005,16964,Staff,TR 12:30-2:30p,Lecture,Open,5
FREN-UA,FREN-UA 632,,001,16991,Staff,MW 4:55-6:10p,Lecture,Open,1
FREN-UA,FREN-UA 865,,001,16993,Staff,MW 11a-12:15p,Lecture,Open,1
FREN-UA,FREN-UA 865,,002,16995,Staff,MW 2-3:15p,Lecture,Open,1
FREN-UA,FREN-UA 890,,001,17021,Staff,TR 9:30-10:45a,Lecture,Open,1
FREN-UA,FREN-UA 904,,001,17015,Staff,T 8-9:15a,WKS,Open,2
FREN-UA,FREN-UA 904,,002,17017,Staff,W 8-9:15a,WKS,Open,2
FREN-UA,FREN-UA 905,,001,17013,Staff,F 9:30-10:45a,Seminar,Open,1
FREN-UA,FREN-UA 935,,001,16997,Staff,TR 11a-12:15p,Lecture,Open,1
FREN-UA,FREN-UA 965,,001,16999,Staff,TR 3:30-4:45p,Lecture,Open,1
FREN-UA,FREN-UA 965,,002,17001,Staff,MW 12:30-1:45p,Lecture,Open,1
FREN-UA,FREN-UA 980,,001,17003,Staff,Does Not Meet,Independent,Open,1
FREN-UA,FREN-UA 991,,001,17005,Staff,TR 3:30-4:45p,Seminar,Open,1
FREN-UA,FREN-UA 991,,002,17007,Staff,MW 3:30-4:45p,Seminar,Open,1
FREN-UA,FREN-UA 995,,001,17009,Staff,R 4:55-6:10p,Independent,Open,1
FREN-UA,FREN-UA 997,,001,17011,Staff,Does Not Meet,Independent,Open,1
FYSEM-UA,FYSEM-UA 900,,103,22421,Staff,MW 3:30-4:45p,Seminar,Open,1
GERM-UA,GERM-UA 1,,001,10790,Staff,MWF 9:30-10:45a,Lecture,Open,4
GERM-UA,GERM-UA 1,,002,10791,Staff,TRF 11a-12:15p,Lecture,Open,4
GERM-UA,GERM-UA 1,,003,10792,Staff,MWF 12:30-1:45p,Lecture,Open,4
GERM-UA,GERM-UA 1,,004,10793,Staff,TR 3:30-4:45p,Lecture,Open,4
GERM-UA,GERM-UA 10,,001,10799,Staff,MTWRF 12:30-1:45p,Lecture,Open,1
GERM-UA,GERM-UA 111,,001,10800,Staff,MW 11a-12:15p,Seminar,Open,1
GERM-UA,GERM-UA 153,,001,10801,Staff,TR 9:30-10:45a,Seminar,Open,1
GERM-UA,GERM-UA 2,,001,10794,Staff,MWF 2-3:15p,Lecture,Open,2
GERM-UA,GERM-UA 2,,002,10795,Staff,TRF 12:30-1:45p,Lecture,Open,2
GERM-UA,GERM-UA 202,,001,10802,Staff,TR 3:30-4:45p,Lecture,Open,1
GERM-UA,GERM-UA 202,,002,22071,Staff,R 11a-1:45p,Lecture,Open,1
GERM-UA,GERM-UA 3,,001,10796,Staff,MWF 9:30-10:45a,Lecture,Open,2
GERM-UA,GERM-UA 3,,002,10797,Staff,TRF 11a-12:15p,Lecture,Open,2
GERM-UA,GERM-UA 4,,001,10798,Staff,MWF 3:30-4:45p,Lecture,Open,1
GERM-UA,GERM-UA 466,,001,10804,Staff,MW 2-3:15p,Seminar,Open,1
GERM-UA,GERM-UA 977,,001,10805,Staff,F 8-8:50a,Independent,Open,1
GERM-UA,GERM-UA 990,,001,10806,Staff,MW 8-9:15a,Independent,Open,2
GERM-UA,GERM-UA 990,,002,10807,Staff,TR 8-9:15a,Independent,Open,2
GERM-UA,GERM-UA 999,,001,10808,Staff,R 11a-1:45p,Seminar,Open,1
HBRJD-UA,HBRJD-UA 1,,001,11658,Staff,TRF 11a-12:15p,Lecture,Open,2
HBRJD-UA,HBRJD-UA 1,,002,11659,Staff,TRF 12:30-1:45p,Lecture,Open,2
HBRJD-UA,HBRJD-UA 10,,001,11667,Staff,TR 3:30-4:45p,Lecture,Open,1
HBRJD-UA,HBRJD-UA 14,,001,11664,Staff,TR 9:30-10:45a,Lecture,Open,1
HBRJD-UA,HBRJD-UA 152,,001,11675,Staff,MW 9:30-10:45a,Lecture,Open,1
HBRJD-UA,HBRJD-UA 162,,001,11670,Staff,Does Not Meet,Lecture,Open,5
HBRJD-UA,HBRJD-UA 162,,002,11671,Staff,W 12:30-1:20p,Recitation,Open,5
HBRJD-UA,HBRJD-UA 162,,003,11672,Staff,W 1:30-2:20p,Recitation,Open,5
HBRJD-UA,HBRJD-UA 162,,004,11673,Staff,W 11:15a-12:05p,Recitation,Open,5
HBRJD-UA,HBRJD-UA 162,,005,11674,Staff,W 10:15-11:05a,Recitation,Open,5
HBRJD-UA,HBRJD-UA 164,,001,11677,Staff,TR 9:30-10:45a,Lecture,Open,1
HBRJD-UA,HBRJD-UA 2,,002,11660,Staff,MWF 11a-12:15p,Lecture,Open,1
HBRJD-UA,HBRJD-UA 3,,002,11661,Staff,TRF 11a-12:15p,Lecture,Open,1
HBRJD-UA,HBRJD-UA 4,,001,11662,Staff,TRF 12:30-1:45p,Lecture,Open,2
HBRJD-UA,HBRJD-UA 4,,002,11663,Staff,MW 2:05-4p,Lecture,Open,2
HBRJD-UA,HBRJD-UA 422,,001,11668,Staff,MW 9:30-10:45a,Seminar,Open,1
HBRJD-UA,HBRJD-UA 625,,001,21897,Staff,TR 12:30-1:45p,Lecture,Open,1
HBRJD-UA,HBRJD-UA 685,,001,11666,Staff,MW 2-3:15p,Lecture,Open,1
HBRJD-UA,HBRJD-UA 778,,001,11678,Staff,TR 3:30-4:45p,Seminar,Open,1
HBRJD-UA,HBRJD-UA 948,,001,21371,Staff,MW 3:30-4:45p,Lecture,Open,1
HEL-UA,HEL-UA 103,,001,6762,Staff,TRF 11a-12:15p,Lecture,Open,1
HEL-UA,HEL-UA 105,,001,6763,Staff,TRF 12:30-1:45p,Lecture,Open,1
HEL-UA,HEL-UA 107,,001,6764,Staff,W 3:30-6p,Lecture,Open,1
HEL-UA,HEL-UA 130,,001,6765,Staff,W 2-4:30p,Seminar,Open,1
HEL-UA,HEL-UA 242,,001,22298,Staff,TR 2-3:15p,Lecture,Open,1
HEL-UA,HEL-UA 283,,001,22299,Staff,MW 11a-12:15p,Lecture,Open,1
HEL-UA,HEL-UA 980,,001,6767,Staff,F 4:55-7:25p,Internship,Open,1
HEL-UA,HEL-UA 997,,001,6768,Staff,F 2-4:30p,Independent,Open,1
HIST-UA,HIST-UA 117,,001,21289,Staff,MW 9:30-10:45a,Lecture,Open,1
HIST-UA,HIST-UA 117,,002,21974,Staff,MW 9:30-10:45a,Lecture,Open,1
HIST-UA,HIST-UA 161,,001,11685,Staff,MW 3:30-4:45p,Lecture,Open,1
HIST-UA,HIST-UA 167,,001,11688,Staff,T 8-10:45a,Lecture,Open,1
HIST-UA,HIST-UA 175,,001,11689,Staff,W 4:55-7:40p,CLQ,Open,1
HIST-UA,HIST-UA 175,,002,11690,Staff,MW 3:30-4:45p,CLQ,Open,1
HIST-UA,HIST-UA 182,,001,11775,Staff,MW 11a-12:15p,Lecture,Open,1
HIST-UA,HIST-UA 187,,001,11776,Staff,TR 2-3:15p,Lecture,Open,1
HIST-UA,HIST-UA 200,,001,9648,Staff,TR 2-3:15p,Lecture,Open,1
HIST-UA,HIST-UA 208,,001,11725,Staff,TR 9:30-10:45a,Lecture,Open,1
HIST-UA,HIST-UA 211,,001,11709,Staff,TR 12:30-1:45p,Lecture,Open,1
HIST-UA,HIST-UA 22,,001,11710,Staff,TR 4:55-6:10p,Lecture,Open,1
HIST-UA,HIST-UA 269,,001,11788,Staff,W 12:30-3p,Seminar,Open,1
HIST-UA,HIST-UA 275,,001,11686,Staff,W 2-5p,Seminar,Open,1
HIST-UA,HIST-UA 283,,001,11693,Staff,TR 4:55-6:10p,Lecture,Open,1
HIST-UA,HIST-UA 283,,002,11694,Staff,TR 11a-12:15p,Lecture,Open,1
HIST-UA,HIST-UA 292,,001,11695,Staff,MW 12:30-1:45p,Lecture,Open,1
HIST-UA,HIST-UA 293,,001,11696,Staff,M 4:55-7:40p,CLQ,Open,1
HIST-UA,HIST-UA 347,,001,11726,Staff,TR 2-3:15p,Lecture,Open,1
HIST-UA,HIST-UA 375,,001,11724,Staff,T 4:55-7:40p,Seminar,Open,1
HIST-UA,HIST-UA 401,,001,11691,Staff,T 9:30a-12:15p,Seminar,Open,1
HIST-UA,HIST-UA 421,,001,11713,Staff,W 8-10:45a,Seminar,Open,1
HIST-UA,HIST-UA 441,,001,11708,Staff,T 8-10:45a,Seminar,Open,1
HIST-UA,HIST-UA 446,,001,11729,Staff,W 2-4:45p,Seminar,Open,1
HIST-UA,HIST-UA 525,,001,11718,Staff,R 8-10:45a,Seminar,Open,1
HIST-UA,HIST-UA 536,,001,11697,Staff,W 9:30a-12:15p,CLQ,Open,1
HIST-UA,HIST-UA 537,,001,11698,Staff,MW 3:30-4:45p,Lecture,Open,1
HIST-UA,HIST-UA 542,,001,21344,Staff,MW 12:30-1:45p,Lecture,Open,5
HIST-UA,HIST-UA 542,,002,21624,Staff,T 9:30-10:45a,Recitation,Open,5
HIST-UA,HIST-UA 542,,003,21740,Staff,T 9:30-10:45a,Recitation,Open,5
HIST-UA,HIST-UA 542,,004,22030,Staff,T 12:30-1:45p,Recitation,Open,5
HIST-UA,HIST-UA 542,,005,22054,Staff,T 12:30-1:45p,Recitation,Open,5
HIST-UA,HIST-UA 546,,001,11699,Staff,TR 11a-12:15p,Lecture,Open,1
HIST-UA,HIST-UA 550,,001,21346,Staff,W 2-4:45p,Seminar,Open,1
HIST-UA,HIST-UA 552,,001,11700,Staff,R 2-4:45p,Seminar,Open,1
HIST-UA,HIST-UA 556,,001,11719,Staff,T 2-4:45p,Seminar,Open,1
HIST-UA,HIST-UA 558,,001,11731,Staff,TR 11a-12:15p,Lecture,Open,1
HIST-UA,HIST-UA 565,,001,11701,Staff,W 2-4:45p,CLQ,Open,1
HIST-UA,HIST-UA 570,,001,21815,Staff,M 4:55-7:40p,CLQ,Open,1
HIST-UA,HIST-UA 572,,001,11720,Staff,T 9:30a-12:15p,Seminar,Open,1
HIST-UA,HIST-UA 587,,001,11679,Staff,TR 9:30-10:45a,Lecture,Open,1
HIST-UA,HIST-UA 60,,001,21372,Staff,MW 12:30-1:45p,Lecture,Open,1
HIST-UA,HIST-UA 629,,001,11702,Staff,TR 9:30-10:45a,Lecture,Open,1
HIST-UA,HIST-UA 629,,002,9649,Staff,Does Not Meet,Lecture,Open,1
HIST-UA,HIST-UA 647,,001,11703,Staff,MW 8-9:15a,Lecture,Open,1
HIST-UA,HIST-UA 651,,001,22055,Staff,MW 3:30-4:45p,Lecture,Open,1
HIST-UA,HIST-UA 681,,001,21639,Staff,MW 12:30-1:45p,Lecture,Open,1
HIST-UA,HIST-UA 70,,001,11714,Staff,T 2:45-4:45p,Lecture,Open,1
HIST-UA,HIST-UA 709,,001,11711,Staff,T 4:55-7:40p,Seminar,Open,1
HIST-UA,HIST-UA 745,,001,11704,Staff,MW 11a-12:15p,Lecture,Open,1
HIST-UA,HIST-UA 747,,001,11721,Staff,TR 2-3:15p,Lecture,Open,1
HIST-UA,HIST-UA 765,,001,11728,Staff,M 3-5:45p,Seminar,Open,1
HIST-UA,HIST-UA 808,,001,21288,Staff,MW 2-3:15p,Lecture,Open,1
HIST-UA,HIST-UA 814,,001,11712,Staff,TR 9:30-10:45a,Lecture,Open,1
HIST-UA,HIST-UA 9,,001,11681,Staff,MW 11a-12:15p,Lecture,Open,3
HIST-UA,HIST-UA 9,,002,11682,Staff,T 8-9:15a,Recitation,Open,3
HIST-UA,HIST-UA 9,,003,11683,Staff,R 4:55-6:10p,Recitation,Open,3
HIST-UA,HIST-UA 903,,001,11732,Staff,M 8-10:45a,WKS,Open,1
HIST-UA,HIST-UA 905,,001,11733,Staff,T 8-10:45a,WKS,Open,1
HIST-UA,HIST-UA 910,,001,11715,Staff,T 2-4:45p,WKS,Open,1
HIST-UA,HIST-UA 911,,001,11716,Staff,M 2-4:45p,WKS,Open,1
HIST-UA,HIST-UA 913,,001,11717,Staff,W 4:55-7:40p,WKS,Open,1
HIST-UA,HIST-UA 916,,001,11727,Staff,R 2-4:45p,CLQ,Open,1
HIST-UA,HIST-UA 93,,001,21345,Staff,MW 12:30-1:45p,Lecture,Open,1
HIST-UA,HIST-UA 980,,001,11705,Staff,Does Not Meet,Independent,Open,1
HIST-UA,HIST-UA 994,,001,11706,Staff,W 9:30a-12:15p,Seminar,Open,1
HIST-UA,HIST-UA 997,,001,11707,Staff,Does Not Meet,Independent,Open,1
INTRL-UA,INTRL-UA 990,,001,11824,Staff,W 11a-1:30p,Seminar,Open,2
INTRL-UA,INTRL-UA 990,,003,11825,Staff,F 12:30-1:45p,Recitation,Open,2
IRISH-UA,IRISH-UA 100,,001,11777,Staff,TR 11a-12:15p,Lecture,Open,1
IRISH-UA,IRISH-UA 102,,001,11779,Staff,TR 2-3:15p,Lecture,Open,1
IRISH-UA,IRISH-UA 182,,001,11780,Staff,MW 11a-12:15p,Lecture,Open,1
IRISH-UA,IRISH-UA 187,,001,11782,Staff,TR 2-3:15p,Lecture,Open,1
IRISH-UA,IRISH-UA 208,,001,21644,Staff,TR 9:30-10:45a,Lecture,Open,1
IRISH-UA,IRISH-UA 625,,001,11783,Staff,MW 9:30-10:45a,CLQ,Open,1
IRISH-UA,IRISH-UA 991,,001,11784,Staff,W 12:30-3p,Seminar,Open,1
IRISH-UA,IRISH-UA 998,,001,11785,Staff,Does Not Meet,Independent,Open,1
ITAL-UA,ITAL-UA 1,,001,13846,Staff,MWF 8-9:15a,Lecture,Open,10
ITAL-UA,ITAL-UA 1,,002,13847,Staff,TRF 8-9:15a,Lecture,Open,10
ITAL-UA,ITAL-UA 1,,003,13848,Staff,MWF 2-3:15p,Lecture,Open,10
ITAL-UA,ITAL-UA 1,,004,13849,Staff,MWF 3:30-4:45p,Lecture,Open,10
ITAL-UA,ITAL-UA 1,,005,13850,Staff,TRF 9:30-10:45a,Lecture,Open,10
ITAL-UA,ITAL-UA 1,,006,13851,Staff,MWF 12:30-1:45p,Lecture,Open,10
ITAL-UA,ITAL-UA 1,,008,13852,Staff,MWF 2-3:15p,Lecture,Open,10
ITAL-UA,ITAL-UA 1,,009,13853,Staff,TR 2-4p,Lecture,Open,10
ITAL-UA,ITAL-UA 1,,012,13854,Staff,MWF 12:30-1:45p,Lecture,Open,10
ITAL-UA,ITAL-UA 1,,013,13855,Staff,TRF 9:30-10:45a,Lecture,Open,10
ITAL-UA,ITAL-UA 10,,001,13859,Staff,MTWRF 11a-12:15p,Lecture,Open,1
ITAL-UA,ITAL-UA 101,,001,13869,Staff,MWF 11a-12:15p,Lecture,Open,1
ITAL-UA,ITAL-UA 103,,001,21071,Staff,MW 9:30-10:45a,Lecture,Open,1
ITAL-UA,ITAL-UA 11,,001,13860,Staff,MWF 8-9:15a,Lecture,Open,4
ITAL-UA,ITAL-UA 11,,002,13861,Staff,TRF 9:30-10:45a,Lecture,Open,4
ITAL-UA,ITAL-UA 11,,004,13862,Staff,TR 8:45-10:45a,Lecture,Open,4
ITAL-UA,ITAL-UA 11,,005,13863,Staff,TRF 12:30-1:45p,Lecture,Open,4
ITAL-UA,ITAL-UA 115,,001,13870,Staff,MW 2-3:15p,Lecture,Open,1
ITAL-UA,ITAL-UA 12,,001,13864,Staff,TRF 11a-12:15p,Lecture,Open,2
ITAL-UA,ITAL-UA 12,,002,13865,Staff,TRF 3:30-4:45p,Lecture,Open,2
ITAL-UA,ITAL-UA 172,,001,21204,Staff,MW 11a-12:15p,Lecture,Open,1
ITAL-UA,ITAL-UA 173,,001,13871,Staff,TR 9:30-10:45a,Seminar,Open,1
ITAL-UA,ITAL-UA 173,,002,13872,Staff,M 7-9:30p,Seminar,Open,1
ITAL-UA,ITAL-UA 177,,001,13877,Staff,TR 11a-12:15p,Seminar,Open,1
ITAL-UA,ITAL-UA 2,,001,13856,Staff,MWF 9:30-10:45a,Lecture,Open,3
ITAL-UA,ITAL-UA 2,,002,13857,Staff,TRF 3:30-4:45p,Lecture,Open,3
ITAL-UA,ITAL-UA 2,,003,13858,Staff,TR 11a-1p,Lecture,Open,3
ITAL-UA,ITAL-UA 20,,001,13866,Staff,MTWRF 9:30-10:45a,Lecture,Open,1
ITAL-UA,ITAL-UA 285,,001,13873,Staff,MW 3:30-4:45p,Lecture,Open,1
ITAL-UA,ITAL-UA 285,,002,13874,Staff,MW 2-3:15p,Lecture,Open,1
ITAL-UA,ITAL-UA 30,,001,13867,Staff,MWF 12:30-1:45p,Lecture,Open,2
ITAL-UA,ITAL-UA 30,,002,13868,Staff,TRF 11a-12:15p,Lecture,Open,2
ITAL-UA,ITAL-UA 861,,001,13875,Staff,TR 9:30-10:45a,Lecture,Open,1
ITAL-UA,ITAL-UA 999,,001,22124,Staff,R 11a-1:45p,Seminar,Open,1
JOUR-UA,JOUR-UA 101,,001,11789,Staff,MW 9-10:50a,Lab,Open,6
JOUR-UA,JOUR-UA 101,,003,11790,Staff,TR 10-11:50a,Lab,Open,6
JOUR-UA,JOUR-UA 101,,004,11791,Staff,M 6-7:50p; W 6-7:50p,Lab,Open,6
JOUR-UA,JOUR-UA 101,,005,11792,Staff,MW 6:20-8:10p,Lab,Open,6
JOUR-UA,JOUR-UA 101,,008,11793,Staff,TR 5-6:50p,Lab,Open,6
JOUR-UA,JOUR-UA 101,,010,11794,Staff,R 10a-1:40p,Lab,Open,6
JOUR-UA,JOUR-UA 102,,001,11819,Staff,M 8-11:40a,Lecture,Open,5
JOUR-UA,JOUR-UA 102,,002,11820,Staff,R 1:05-4:45p,Lecture,Open,5
JOUR-UA,JOUR-UA 102,,003,11821,Staff,M 12:30-4:10p,Lecture,Open,5
JOUR-UA,JOUR-UA 102,,004,11822,Staff,T 2-5:40p,Lecture,Open,5
JOUR-UA,JOUR-UA 102,,005,11823,Staff,R 9:30a-1:10p,Lecture,Open,5
JOUR-UA,JOUR-UA 201,,001,11795,Staff,T 11a-2:40p,Lab,Open,1
JOUR-UA,JOUR-UA 201,,002,11796,Staff,M 11a-2:40p,Lab,Open,1
JOUR-UA,JOUR-UA 201,,003,11797,Staff,W 2-5:40p,Lab,Open,1
JOUR-UA,JOUR-UA 201,,004,11798,Staff,R 2-5:40p,Lab,Open,1
JOUR-UA,JOUR-UA 201,,007,11799,Staff,M 4:30-8:10p,Lab,Open,2
JOUR-UA,JOUR-UA 201,,008,11800,Staff,W 10:30a-1:30p,Lab,Open,2
JOUR-UA,JOUR-UA 202,,001,11801,Staff,R 12-3:40p,Lab,Open,1
JOUR-UA,JOUR-UA 202,,002,21402,Staff,M 2:30-6:10p,Lab,Open,1
JOUR-UA,JOUR-UA 202,,003,21562,Staff,W 5:45-9:25p,Lab,Open,1
JOUR-UA,JOUR-UA 203,,001,11802,Staff,W 6-9:40p,Lab,Open,1
JOUR-UA,JOUR-UA 203,,002,11803,Staff,W 1:05-4:45p,Lab,Open,1
JOUR-UA,JOUR-UA 204,,003,11804,Staff,R 5-8:40p,Lab,Open,1
JOUR-UA,JOUR-UA 204,,005,11805,Staff,R 5:15-8:55p,Lab,Open,1
JOUR-UA,JOUR-UA 301,,001,11806,Staff,T 4-7:40p,Lab,Open,1
JOUR-UA,JOUR-UA 301,,002,11807,Staff,W 6-9:40p,Lab,Open,1
JOUR-UA,JOUR-UA 301,,005,11808,Staff,R 2-5:40p,Lab,Open,1
JOUR-UA,JOUR-UA 302,,001,11809,Staff,T 2-7p,Lab,Open,1
JOUR-UA,JOUR-UA 302,,002,21903,Staff,T 5-8:40p,Lab,Open,1
JOUR-UA,JOUR-UA 351,,001,11810,Staff,T 3-6:40p,Lab,Open,1
JOUR-UA,JOUR-UA 50,,001,11811,Staff,W 11a-1:30p,Lecture,Open,1
JOUR-UA,JOUR-UA 502,,001,11812,Staff,W 2-4:30p,Lecture,Open,1
JOUR-UA,JOUR-UA 503,,001,11813,Staff,T 12-2:30p,Seminar,Open,1
JOUR-UA,JOUR-UA 503,,002,11814,Staff,M 11a-1:30p,Seminar,Open,1
JOUR-UA,JOUR-UA 504,,001,11815,Staff,W 11a-1:30p,Seminar,Open,1
JOUR-UA,JOUR-UA 504,,002,21399,Staff,W 4:55-7:40p,Seminar,Open,1
JOUR-UA,JOUR-UA 505,,001,11816,Staff,MW 10-11:15a,Seminar,Open,1
JOUR-UA,JOUR-UA 980,,001,11817,Staff,Does Not Meet,Independent,Open,1
JOUR-UA,JOUR-UA 997,,001,11818,Staff,Does Not Meet,Independent,Open,1
LATC-UA,LATC-UA 101,,001,9660,Staff,MWF 9:30-10:45a,Lecture,Open,2
LATC-UA,LATC-UA 101,,002,9661,Staff,MWF 9:30-10:45a,Lecture,Open,2
LATC-UA,LATC-UA 103,,001,9662,Staff,MWF 11a-12:15p,Lecture,Open,2
LATC-UA,LATC-UA 103,,002,9663,Staff,MWF 11a-12:15p,Lecture,Open,2
LATC-UA,LATC-UA 121,,002,9658,Staff,MWF 12:30-1:45p,Seminar,Open,1
LATC-UA,LATC-UA 123,,002,9666,Staff,MWF 11a-12:15p,Seminar,Open,1
LATC-UA,LATC-UA 141,,001,9669,Staff,WF 8-9:40a,Lecture,Open,2
LATC-UA,LATC-UA 141,,002,9670,Staff,WF 8-9:40a,Lecture,Open,2
LATC-UA,LATC-UA 161,,001,9671,Staff,TR 11a-12:40p,Lecture,Open,2
LATC-UA,LATC-UA 161,,002,9672,Staff,TR 11a-12:40p,Lecture,Open,2
LATC-UA,LATC-UA 600,,002,9664,Staff,TR 9:30-10:45a,Seminar,Open,1
LATC-UA,LATC-UA 747,,001,9675,Staff,TR 2-3:15p,Lecture,Open,1
LING-UA,LING-UA 1,,001,13781,Staff,MW 12:30-1:45p,Lecture,Open,3
LING-UA,LING-UA 1,,002,13782,Staff,W 3:30-4:45p,Recitation,Open,3
LING-UA,LING-UA 1,,003,13783,Staff,W 4:55-6:10p,Recitation,Open,3
LING-UA,LING-UA 102,,001,13799,Staff,MW 8-9:15a,Seminar,Open,1
LING-UA,LING-UA 102,,002,13800,Staff,T 9:30a-12:15p,Seminar,Open,1
LING-UA,LING-UA 102,,003,17423,Staff,MW 4:55-6:10p,Seminar,Open,1
LING-UA,LING-UA 11,,001,13786,Staff,TR 2-3:15p,Lecture,Open,3
LING-UA,LING-UA 11,,002,13787,Staff,M 2-3:15p,Recitation,Open,3
LING-UA,LING-UA 11,,003,13788,Staff,R 4:55-6:10p,Recitation,Open,3
LING-UA,LING-UA 13,,001,13789,Staff,MW 9:30-10:45a,Lecture,Open,2
LING-UA,LING-UA 13,,002,13790,Staff,R 11a-12:15p,Recitation,Open,2
LING-UA,LING-UA 16,,001,13808,Staff,MW 12:30-1:45p,Lecture,Open,1
LING-UA,LING-UA 18,,001,13791,Staff,MW 4:55-6:10p,Lecture,Open,1
LING-UA,LING-UA 23,,001,13792,Staff,W 2-4:45p,Lecture,Open,1
LING-UA,LING-UA 3,,001,13793,Staff,TR 11a-12:15p,Lecture,Open,3
LING-UA,LING-UA 3,,002,13794,Staff,M 11a-12:15p,Recitation,Open,3
LING-UA,LING-UA 3,,003,13795,Staff,M 4:55-6:10p,Recitation,Open,3
LING-UA,LING-UA 4,,001,13784,Staff,MW 11a-12:15p,Lecture,Open,2
LING-UA,LING-UA 4,,002,13785,Staff,R 12:30-1:45p,Recitation,Open,2
LING-UA,LING-UA 43,,001,13796,Staff,R 9:30a-12:15p,Lecture,Open,2
LING-UA,LING-UA 43,,002,13797,Staff,M 3:30-4:45p,Recitation,Open,2
LING-UA,LING-UA 44,,001,13798,Staff,MW 12:30-1:45p,Lecture,Open,1
LING-UA,LING-UA 5,,001,8995,Staff,M 2-4:30p,Lecture,Open,1
LING-UA,LING-UA 8,,001,8408,Staff,TR 11a-12:15p,Seminar,Open,1
LING-UA,LING-UA 980,,001,13801,Staff,Does Not Meet,Independent,Open,1
LING-UA,LING-UA 997,,001,13802,Staff,Does Not Meet,Independent,Open,1
MATH-UA,MATH-UA 120,,001,10419,Staff,MW 8-9:15a,Lecture,Open,20
MATH-UA,MATH-UA 120,,002,10420,Staff,R 8-9:15a,Recitation,Open,20
MATH-UA,MATH-UA 120,,003,10421,Staff,R 9:30-10:45a,Recitation,Open,20
MATH-UA,MATH-UA 120,,004,10416,Staff,F 8-9:15a,Recitation,Open,20
MATH-UA,MATH-UA 120,,005,10422,Staff,F 9:30-10:45a,Recitation,Open,20
MATH-UA,MATH-UA 120,,006,10423,Staff,MW 4:55-6:10p,Lecture,Open,20
MATH-UA,MATH-UA 120,,007,10424,Staff,R 3:30-4:45p,Recitation,Open,20
MATH-UA,MATH-UA 120,,008,10425,Staff,R 4:55-6:10p,Recitation,Open,20
MATH-UA,MATH-UA 120,,009,10426,Staff,F 3:30-4:45p,Recitation,Open,20
MATH-UA,MATH-UA 120,,010,10427,Staff,F 4:55-6:10p,Recitation,Open,20
MATH-UA,MATH-UA 120,,011,10428,Staff,TR 12:30-1:45p,Lecture,Open,20
MATH-UA,MATH-UA 120,,012,10429,Staff,F 8-9:15a,Recitation,Open,20
MATH-UA,MATH-UA 120,,013,10430,Staff,F 9:30-10:45a,Recitation,Open,20
MATH-UA,MATH-UA 120,,014,10431,Staff,F 11a-12:15p,Recitation,Open,20
MATH-UA,MATH-UA 120,,015,10432,Staff,F 12:30-1:45p,Recitation,Open,20
MATH-UA,MATH-UA 120,,016,10433,Staff,TR 2-3:15p,Lecture,Open,20
MATH-UA,MATH-UA 120,,017,10434,Staff,F 11a-12:15p,Recitation,Open,20
MATH-UA,MATH-UA 120,,018,10435,Staff,F 9:30-10:45a,Recitation,Open,20
MATH-UA,MATH-UA 120,,019,10437,Staff,F 2-3:15p,Recitation,Open,20
MATH-UA,MATH-UA 120,,020,10438,Staff,F 3:30-4:45p,Recitation,Open,20
MATH-UA,MATH-UA 121,,001,10439,Staff,TR 9:30-10:45a,Lecture,Open,35
MATH-UA,MATH-UA 121,,002,10436,Staff,F 8-9:15a,Recitation,Open,35
MATH-UA,MATH-UA 121,,003,10440,Staff,F 9:30-10:45a,Recitation,Open,35
MATH-UA,MATH-UA 121,,004,10441,Staff,M 9:30-10:45a,Recitation,Open,35
MATH-UA,MATH-UA 121,,005,10442,Staff,M 11a-12:15p,Recitation,Open,35
MATH-UA,MATH-UA 121,,006,10443,Staff,MW 3:30-4:45p,Lecture,Open,35
MATH-UA,MATH-UA 121,,007,10444,Staff,R 2-3:15p,Recitation,Open,35
MATH-UA,MATH-UA 121,,008,10445,Staff,R 3:30-4:45p,Recitation,Open,35
MATH-UA,MATH-UA 121,,009,10446,Staff,F 2-3:15p,Recitation,Open,35
MATH-UA,MATH-UA 121,,010,10447,Staff,F 3:30-4:45p,Recitation,Open,35
MATH-UA,MATH-UA 121,,011,10448,Staff,TR 11a-12:15p,Lecture,Open,35
MATH-UA,MATH-UA 121,,012,10449,Staff,F 11a-12:15p,Recitation,Open,35
MATH-UA,MATH-UA 121,,013,10450,Staff,F 12:30-1:45p,Recitation,Open,35
MATH-UA,MATH-UA 121,,014,10451,Staff,F 2-3:15p,Recitation,Open,35
MATH-UA,MATH-UA 121,,015,10452,Staff,F 3:30-4:45p,Recitation,Open,35
MATH-UA,MATH-UA 121,,016,10453,Staff,TR 12:30-1:45p,Lecture,Open,35
MATH-UA,MATH-UA 121,,017,10454,Staff,F 12:30-1:45p,Recitation,Open,35
MATH-UA,MATH-UA 121,,018,10455,Staff,F 2-3:15p,Recitation,Open,35
MATH-UA,MATH-UA 121,,019,10456,Staff,M 12:30-1:45p,Recitation,Open,35
MATH-UA,MATH-UA 121,,020,10457,Staff,M 2-3:15p,Recitation,Open,35
MATH-UA,MATH-UA 121,,021,10458,Staff,MW 2-3:15p,Lecture,Open,35
MATH-UA,MATH-UA 121,,022,10459,Staff,F 8-9:15a,Recitation,Open,35
MATH-UA,MATH-UA 121,,023,10460,Staff,F 9:30-10:45a,Recitation,Open,35
MATH-UA,MATH-UA 121,,024,10461,Staff,F 2-3:15p,Recitation,Open,35
MATH-UA,MATH-UA 121,,025,10462,Staff,F 3:30-4:45p,Recitation,Open,35
MATH-UA,MATH-UA 121,,026,10463,Staff,MW 8-9:15a,Lecture,Open,35
MATH-UA,MATH-UA 121,,027,10464,Staff,F 8-9:15a,Recitation,Open,35
MATH-UA,MATH-UA 121,,028,10465,Staff,F 9:30-10:45a,Recitation,Open,35
MATH-UA,MATH-UA 121,,029,10466,Staff,F 12:30-1:45p,Recitation,Open,35
MATH-UA,MATH-UA 121,,030,10467,Staff,F 2-3:15p,Recitation,Open,35
MATH-UA,MATH-UA 121,,031,10468,Staff,MW 11a-12:15p,Lecture,Open,35
MATH-UA,MATH-UA 121,,032,10469,Staff,F 11a-12:15p,Recitation,Open,35
MATH-UA,MATH-UA 121,,033,10470,Staff,F 12:30-1:45p,Recitation,Open,35
MATH-UA,MATH-UA 121,,034,10472,Staff,F 2-3:15p,Recitation,Open,35
MATH-UA,MATH-UA 121,,035,10473,Staff,F 3:30-4:45p,Recitation,Open,35
MATH-UA,MATH-UA 122,,001,10474,Staff,MW 9:30-10:45a,Lecture,Open,25
MATH-UA,MATH-UA 122,,002,10471,Staff,R 8-9:15a,Recitation,Open,25
MATH-UA,MATH-UA 122,,003,10475,Staff,R 9:30-10:45a,Recitation,Open,25
MATH-UA,MATH-UA 122,,004,10476,Staff,F 8-9:15a,Recitation,Open,25
MATH-UA,MATH-UA 122,,005,10477,Staff,F 9:30-10:45a,Recitation,Open,25
MATH-UA,MATH-UA 122,,006,10478,Staff,MW 11a-12:15p,Lecture,Open,25
MATH-UA,MATH-UA 122,,007,10479,Staff,F 11a-12:15p,Recitation,Open,25
MATH-UA,MATH-UA 122,,008,10480,Staff,F 12:30-1:45p,Recitation,Open,25
MATH-UA,MATH-UA 122,,009,10481,Staff,F 2-3:15p,Recitation,Open,25
MATH-UA,MATH-UA 122,,010,10482,Staff,F 3:30-4:45p,Recitation,Open,25
MATH-UA,MATH-UA 122,,011,10483,Staff,MW 4:55-6:10p,Lecture,Open,25
MATH-UA,MATH-UA 122,,012,10484,Staff,F 12:30-1:45p,Recitation,Open,25
MATH-UA,MATH-UA 122,,013,10485,Staff,F 2-3:15p,Recitation,Open,25
MATH-UA,MATH-UA 122,,014,10486,Staff,F 3:30-4:45p,Recitation,Open,25
MATH-UA,MATH-UA 122,,015,10487,Staff,F 4:55-6:10p,Recitation,Open,25
MATH-UA,MATH-UA 122,,016,10488,Staff,TR 3:30-4:45p,Lecture,Open,25
MATH-UA,MATH-UA 122,,017,10489,Staff,F 11a-12:15p,Recitation,Open,25
MATH-UA,MATH-UA 122,,018,10490,Staff,F 12:30-1:45p,Recitation,Open,25
MATH-UA,MATH-UA 122,,019,10491,Staff,F 2-3:15p,Recitation,Open,25
MATH-UA,MATH-UA 122,,020,10492,Staff,F 3:30-4:45p,Recitation,Open,25
MATH-UA,MATH-UA 122,,021,10493,Staff,TR 11a-12:15p,Lecture,Open,25
MATH-UA,MATH-UA 122,,022,10494,Staff,F 8-9:15a,Recitation,Open,25
MATH-UA,MATH-UA 122,,023,10495,Staff,F 9:30-10:45a,Recitation,Open,25
MATH-UA,MATH-UA 122,,024,10496,Staff,F 11a-12:15p,Recitation,Open,25
MATH-UA,MATH-UA 122,,025,10497,Staff,F 12:30-1:45p,Recitation,Open,25
MATH-UA,MATH-UA 123,,001,10498,Staff,MW 11a-12:15p,Lecture,Open,20
MATH-UA,MATH-UA 123,,002,10499,Staff,F 11a-12:15p,Recitation,Open,20
MATH-UA,MATH-UA 123,,003,10500,Staff,F 12:30-1:45p,Recitation,Open,20
MATH-UA,MATH-UA 123,,004,10501,Staff,F 8-9:15a,Recitation,Open,20
MATH-UA,MATH-UA 123,,005,10502,Staff,F 9:30-10:45a,Recitation,Open,20
MATH-UA,MATH-UA 123,,006,10503,Staff,MW 12:30-1:45p,Lecture,Open,20
MATH-UA,MATH-UA 123,,007,10505,Staff,F 11a-12:15p,Recitation,Open,20
MATH-UA,MATH-UA 123,,008,10506,Staff,F 12:30-1:45p,Recitation,Open,20
MATH-UA,MATH-UA 123,,009,10507,Staff,F 2-3:15p,Recitation,Open,20
MATH-UA,MATH-UA 123,,010,10504,Staff,F 3:30-4:45p,Recitation,Open,20
MATH-UA,MATH-UA 123,,011,10508,Staff,TR 9:30-10:45a,Lecture,Open,20
MATH-UA,MATH-UA 123,,012,10509,Staff,F 8-9:15a,Recitation,Open,20
MATH-UA,MATH-UA 123,,013,10510,Staff,F 9:30-10:45a,Recitation,Open,20
MATH-UA,MATH-UA 123,,014,10511,Staff,F 2-3:15p,Recitation,Open,20
MATH-UA,MATH-UA 123,,015,10512,Staff,F 12:30-1:45p,Recitation,Open,20
MATH-UA,MATH-UA 123,,016,10513,Staff,MW 8-9:15a,Lecture,Open,20
MATH-UA,MATH-UA 123,,017,10514,Staff,F 2-3:15p,Recitation,Open,20
MATH-UA,MATH-UA 123,,018,10515,Staff,F 3:30-4:45p,Recitation,Open,20
MATH-UA,MATH-UA 123,,019,10516,Staff,F 8-9:15a,Recitation,Open,20
MATH-UA,MATH-UA 123,,020,10517,Staff,F 9:30-10:45a,Recitation,Open,20
MATH-UA,MATH-UA 129,,001,10747,Staff,TR 12:30-1:45p,Lecture,Open,2
MATH-UA,MATH-UA 129,,002,10748,Staff,F 3:30-4:45p,Recitation,Open,2
MATH-UA,MATH-UA 131,,001,10637,Staff,TR 4:55-6:10p,Lecture,Open,30
MATH-UA,MATH-UA 131,,002,10638,Staff,F 3:30-4:45p,Recitation,Open,30
MATH-UA,MATH-UA 131,,003,10639,Staff,F 4:55-6:10p,Recitation,Open,30
MATH-UA,MATH-UA 131,,004,10640,Staff,T 8-9:15a,Recitation,Open,30
MATH-UA,MATH-UA 131,,005,10641,Staff,T 9:30-10:45a,Recitation,Open,30
MATH-UA,MATH-UA 131,,006,10642,Staff,MW 8-9:15a,Lecture,Open,30
MATH-UA,MATH-UA 131,,007,10643,Staff,R 8-9:15a,Recitation,Open,30
MATH-UA,MATH-UA 131,,008,10646,Staff,R 9:30-10:45a,Recitation,Open,30
MATH-UA,MATH-UA 131,,009,10647,Staff,W 2-3:15p,Recitation,Open,30
MATH-UA,MATH-UA 131,,010,10648,Staff,W 3:30-4:45p,Recitation,Open,30
MATH-UA,MATH-UA 131,,011,10644,Staff,TR 3:30-4:45p,Lecture,Open,30
MATH-UA,MATH-UA 131,,012,10645,Staff,F 2-3:15p,Recitation,Open,30
MATH-UA,MATH-UA 131,,013,10649,Staff,F 3:30-4:45p,Recitation,Open,30
MATH-UA,MATH-UA 131,,014,10650,Staff,M 2-3:15p,Recitation,Open,30
MATH-UA,MATH-UA 131,,015,10651,Staff,M 3:30-4:45p,Recitation,Open,30
MATH-UA,MATH-UA 131,,016,10652,Staff,MW 2-3:15p,Lecture,Open,30
MATH-UA,MATH-UA 131,,017,10653,Staff,F 11a-12:15p,Recitation,Open,30
MATH-UA,MATH-UA 131,,018,10654,Staff,F 12:30-1:45p,Recitation,Open,30
MATH-UA,MATH-UA 131,,019,10655,Staff,F 2-3:15p,Recitation,Open,30
MATH-UA,MATH-UA 131,,020,10656,Staff,F 3:30-4:45p,Recitation,Open,30
MATH-UA,MATH-UA 131,,021,10657,Staff,TR 8-9:15a,Lecture,Open,30
MATH-UA,MATH-UA 131,,022,10658,Staff,F 8-9:15a,Recitation,Open,30
MATH-UA,MATH-UA 131,,023,10659,Staff,F 9:30-10:45a,Recitation,Open,30
MATH-UA,MATH-UA 131,,024,10660,Staff,F 11a-12:15p,Recitation,Open,30
MATH-UA,MATH-UA 131,,025,10661,Staff,F 9:30-10:45a,Recitation,Open,30
MATH-UA,MATH-UA 131,,026,10662,Staff,MW 2-3:15p,Lecture,Open,30
MATH-UA,MATH-UA 131,,027,10663,Staff,F 8-9:15a,Recitation,Open,30
MATH-UA,MATH-UA 131,,028,10664,Staff,F 9:30-10:45a,Recitation,Open,30
MATH-UA,MATH-UA 131,,029,10665,Staff,F 11a-12:15p,Recitation,Open,30
MATH-UA,MATH-UA 131,,030,10666,Staff,F 12:30-1:45p,Recitation,Open,30
MATH-UA,MATH-UA 132,,001,10667,Staff,TR 2-3:15p,Lecture,Open,15
MATH-UA,MATH-UA 132,,002,10668,Staff,F 8-9:15a,Recitation,Open,15
MATH-UA,MATH-UA 132,,003,10669,Staff,F 9:30-10:45a,Recitation,Open,15
MATH-UA,MATH-UA 132,,004,10670,Staff,F 11a-12:15p,Recitation,Open,15
MATH-UA,MATH-UA 132,,005,10671,Staff,F 2-3:15p,Recitation,Open,15
MATH-UA,MATH-UA 132,,006,10672,Staff,MW 12:30-1:45p,Lecture,Open,15
MATH-UA,MATH-UA 132,,007,10673,Staff,F 11a-12:15p,Recitation,Open,15
MATH-UA,MATH-UA 132,,008,10674,Staff,F 12:30-1:45p,Recitation,Open,15
MATH-UA,MATH-UA 132,,009,10675,Staff,F 2-3:15p,Recitation,Open,15
MATH-UA,MATH-UA 132,,010,10676,Staff,F 3:30-4:45p,Recitation,Open,15
MATH-UA,MATH-UA 132,,011,10677,Staff,MW 8-9:15a,Lecture,Open,15
MATH-UA,MATH-UA 132,,012,10678,Staff,F 8-9:15a,Recitation,Open,15
MATH-UA,MATH-UA 132,,013,10679,Staff,F 9:30-10:45a,Recitation,Open,15
MATH-UA,MATH-UA 132,,014,10680,Staff,F 4:55-6:10p,Recitation,Open,15
MATH-UA,MATH-UA 132,,015,10681,Staff,F 3:30-4:45p,Recitation,Open,15
MATH-UA,MATH-UA 133,,001,10682,Staff,MW 9:30-10:45a,Lecture,Open,4
MATH-UA,MATH-UA 133,,002,10683,Staff,F 8-9:15a,Recitation,Open,4
MATH-UA,MATH-UA 133,,003,10684,Staff,F 9:30-10:45a,Recitation,Open,4
MATH-UA,MATH-UA 133,,004,10685,Staff,F 11a-12:15p,Recitation,Open,4
MATH-UA,MATH-UA 140,,001,10519,Staff,TR 8-9:15a,Lecture,Open,32
MATH-UA,MATH-UA 140,,002,10520,Staff,M 8-9:15a,Recitation,Open,32
MATH-UA,MATH-UA 140,,003,10521,Staff,M 9:30-10:45a,Recitation,Open,32
MATH-UA,MATH-UA 140,,004,10518,Staff,M 11a-12:15p,Recitation,Open,32
MATH-UA,MATH-UA 140,,005,10522,Staff,M 12:30-1:45p,Recitation,Open,32
MATH-UA,MATH-UA 140,,006,10523,Staff,TR 9:30-10:45a,Lecture,Open,32
MATH-UA,MATH-UA 140,,007,10524,Staff,F 9:30-10:45a,Recitation,Open,32
MATH-UA,MATH-UA 140,,008,10525,Staff,F 11a-12:15p,Recitation,Open,32
MATH-UA,MATH-UA 140,,009,10526,Staff,F 12:30-1:45p,Recitation,Open,32
MATH-UA,MATH-UA 140,,010,10527,Staff,F 2-3:15p,Recitation,Open,32
MATH-UA,MATH-UA 140,,011,10528,Staff,MW 9:30-10:45a,Lecture,Open,32
MATH-UA,MATH-UA 140,,012,10529,Staff,F 8-9:15a,Recitation,Open,32
MATH-UA,MATH-UA 140,,013,10530,Staff,F 9:30-10:45a,Recitation,Open,32
MATH-UA,MATH-UA 140,,014,10531,Staff,F 2-3:15p,Recitation,Open,32
MATH-UA,MATH-UA 140,,015,10532,Staff,F 12:30-1:45p,Recitation,Open,32
MATH-UA,MATH-UA 140,,016,10533,Staff,MW 3:30-4:45p,Lecture,Open,32
MATH-UA,MATH-UA 140,,017,10534,Staff,R 12:30-1:45p,Recitation,Open,32
MATH-UA,MATH-UA 140,,018,10535,Staff,R 3:30-4:45p,Recitation,Open,32
MATH-UA,MATH-UA 140,,019,10536,Staff,F 2-3:15p,Recitation,Open,32
MATH-UA,MATH-UA 140,,020,10537,Staff,F 3:30-4:45p,Recitation,Open,32
MATH-UA,MATH-UA 140,,021,9581,Staff,TR 11a-12:20p,Lecture,Open,32
MATH-UA,MATH-UA 140,,022,9582,Staff,F 9:30-10:50a,Recitation,Open,32
MATH-UA,MATH-UA 140,,026,10538,Staff,TR 2-3:15p,Lecture,Open,32
MATH-UA,MATH-UA 140,,027,10539,Staff,F 12:30-1:45p,Recitation,Open,32
MATH-UA,MATH-UA 140,,028,10540,Staff,F 2-3:15p,Recitation,Open,32
MATH-UA,MATH-UA 140,,029,10541,Staff,F 3:30-4:45p,Recitation,Open,32
MATH-UA,MATH-UA 140,,030,10542,Staff,F 4:55-6:10p,Recitation,Open,32
MATH-UA,MATH-UA 140,,031,10543,Staff,TR 8-9:15a,Lecture,Open,32
MATH-UA,MATH-UA 140,,032,10544,Staff,F 8-9:15a,Recitation,Open,32
MATH-UA,MATH-UA 140,,033,10545,Staff,F 11a-12:15p,Recitation,Open,32
MATH-UA,MATH-UA 140,,034,10546,Staff,F 3:30-4:45p,Recitation,Open,32
MATH-UA,MATH-UA 140,,035,10547,Staff,F 4:55-6:10p,Recitation,Open,32
MATH-UA,MATH-UA 144,,001,21201,Staff,TR 11a-12:15p,Lecture,Open,2
MATH-UA,MATH-UA 144,,002,21376,Staff,F 4:55-6:10p,Recitation,Open,2
MATH-UA,MATH-UA 148,,001,10692,Staff,MW 9:30-10:45a,Lecture,Open,2
MATH-UA,MATH-UA 148,,002,10693,Staff,F 11a-12:15p,Recitation,Open,2
MATH-UA,MATH-UA 185,,001,10562,Staff,MW 8-9:15a,Lecture,Open,6
MATH-UA,MATH-UA 185,,002,10563,Staff,F 2-3:15p,Recitation,Open,6
MATH-UA,MATH-UA 185,,003,10564,Staff,F 3:30-4:45p,Recitation,Open,6
MATH-UA,MATH-UA 185,,004,10565,Staff,TR 3:30-4:45p,Lecture,Open,6
MATH-UA,MATH-UA 185,,005,10566,Staff,F 8-9:15a,Recitation,Open,6
MATH-UA,MATH-UA 185,,006,10567,Staff,F 9:30-10:45a,Recitation,Open,6
MATH-UA,MATH-UA 228,,001,10627,Staff,MW 2-3:15p,Lecture,Open,2
MATH-UA,MATH-UA 228,,002,10628,Staff,F 12:30-1:45p,Lab,Open,2
MATH-UA,MATH-UA 240,,001,9583,Staff,TR 11a-12:20p,Lecture,Open,2
MATH-UA,MATH-UA 240,,002,9584,Staff,F 12:30-1:50p,Recitation,Open,2
MATH-UA,MATH-UA 250,,001,10570,Staff,MW 6:20-7:35p,Lecture,Open,9
MATH-UA,MATH-UA 250,,002,10571,Staff,F 8-9:15a,Recitation,Open,9
MATH-UA,MATH-UA 250,,003,10572,Staff,F 9:30-10:45a,Recitation,Open,9
MATH-UA,MATH-UA 250,,004,10573,Staff,TR 4:55-6:10p,Lecture,Open,9
MATH-UA,MATH-UA 250,,005,10574,Staff,F 2-3:15p,Recitation,Open,9
MATH-UA,MATH-UA 250,,006,10575,Staff,F 3:30-4:45p,Recitation,Open,9
MATH-UA,MATH-UA 250,,007,10576,Staff,TR 6:20-7:35p,Lecture,Open,9
MATH-UA,MATH-UA 250,,008,10577,Staff,F 11a-12:15p,Recitation,Open,9
MATH-UA,MATH-UA 250,,009,10578,Staff,F 12:30-1:45p,Recitation,Open,9
MATH-UA,MATH-UA 251,,001,10580,Staff,TR 2-3:15p,Lecture,Open,9
MATH-UA,MATH-UA 251,,002,10581,Staff,F 2-3:15p,Recitation,Open,9
MATH-UA,MATH-UA 251,,003,10582,Staff,F 3:30-4:45p,Recitation,Open,9
MATH-UA,MATH-UA 251,,004,10579,Staff,MW 11a-12:15p,Lecture,Open,9
MATH-UA,MATH-UA 251,,005,10583,Staff,F 9:30-10:45a,Recitation,Open,9
MATH-UA,MATH-UA 251,,006,10584,Staff,F 11a-12:15p,Recitation,Open,9
MATH-UA,MATH-UA 251,,007,9585,Staff,MW 12:30-1:50p,Lecture,Open,9
MATH-UA,MATH-UA 251,,008,9586,Staff,F 12:30-1:50p,Recitation,Open,9
MATH-UA,MATH-UA 251,,009,9587,Staff,F 2-3:20p,Recitation,Open,9
MATH-UA,MATH-UA 262,,001,10593,Staff,TR 2-3:15p,Lecture,Open,6
MATH-UA,MATH-UA 262,,002,10594,Staff,F 12:30-1:45p,Recitation,Open,6
MATH-UA,MATH-UA 262,,003,10595,Staff,MW 2-3:15p,Lecture,Open,6
MATH-UA,MATH-UA 262,,004,10596,Staff,F 8-9:15a,Recitation,Open,6
MATH-UA,MATH-UA 262,,005,9588,Staff,MW 12:30-1:50p,Lecture,Open,6
MATH-UA,MATH-UA 262,,006,9589,Staff,F 9:30-10:50a,Recitation,Open,6
MATH-UA,MATH-UA 263,,001,10599,Staff,MW 9:30-10:45a,Lecture,Open,4
MATH-UA,MATH-UA 263,,002,10600,Staff,F 12:30-1:45p,Recitation,Open,4
MATH-UA,MATH-UA 263,,003,9590,Staff,TR 9:30-10:50a,Lecture,Open,4
MATH-UA,MATH-UA 263,,004,9591,Staff,F 9:30-10:50a,Recitation,Open,4
MATH-UA,MATH-UA 264,,001,10601,Staff,MW 9:30-10:45a,Lecture,Open,2
MATH-UA,MATH-UA 264,,002,10602,Staff,F 8-9:15a,Recitation,Open,2
MATH-UA,MATH-UA 268,,001,22159,Staff,MW 11a-12:15p,Lecture,Open,2
MATH-UA,MATH-UA 268,,002,22180,Staff,F 9:30-10:45a,Recitation,Open,2
MATH-UA,MATH-UA 325,,001,10603,Staff,MW 11a-12:15p,Lecture,Open,12
MATH-UA,MATH-UA 325,,002,10604,Staff,F 8-9:15a,Recitation,Open,12
MATH-UA,MATH-UA 325,,003,10605,Staff,F 9:30-10:45a,Recitation,Open,12
MATH-UA,MATH-UA 325,,004,10606,Staff,MW 2-3:15p,Lecture,Open,12
MATH-UA,MATH-UA 325,,005,10607,Staff,F 11a-12:15p,Recitation,Open,12
MATH-UA,MATH-UA 325,,006,10608,Staff,F 12:30-1:45p,Recitation,Open,12
MATH-UA,MATH-UA 325,,007,10609,Staff,TR 2-3:15p,Lecture,Open,12
MATH-UA,MATH-UA 325,,008,10610,Staff,F 2-3:15p,Recitation,Open,12
MATH-UA,MATH-UA 325,,009,10611,Staff,F 3:30-4:45p,Recitation,Open,12
MATH-UA,MATH-UA 325,,010,10612,Staff,MW 8-9:15a,Lecture,Open,12
MATH-UA,MATH-UA 325,,011,10613,Staff,F 11a-12:15p,Recitation,Open,12
MATH-UA,MATH-UA 325,,012,10614,Staff,F 12:30-1:45p,Recitation,Open,12
MATH-UA,MATH-UA 328,,001,10686,Staff,MW 11a-12:15p,Lecture,Open,3
MATH-UA,MATH-UA 328,,002,10687,Staff,F 11a-12:15p,Recitation,Open,3
MATH-UA,MATH-UA 328,,003,10688,Staff,F 12:30-1:45p,Recitation,Open,3
MATH-UA,MATH-UA 333,,001,10549,Staff,TR 11a-12:15p,Lecture,Open,8
MATH-UA,MATH-UA 333,,002,10550,Staff,F 2-3:15p,Recitation,Open,8
MATH-UA,MATH-UA 333,,003,10551,Staff,MW 3:30-4:45p,Lecture,Open,8
MATH-UA,MATH-UA 333,,004,10548,Staff,F 3:30-4:45p,Recitation,Open,8
MATH-UA,MATH-UA 333,,005,10552,Staff,TR 9:30-10:45a,Lecture,Open,8
MATH-UA,MATH-UA 333,,006,10553,Staff,F 9:30-10:45a,Recitation,Open,8
MATH-UA,MATH-UA 333,,007,10554,Staff,TR 8-9:15a,Lecture,Open,8
MATH-UA,MATH-UA 333,,008,10555,Staff,F 8-9:15a,Recitation,Open,8
MATH-UA,MATH-UA 334,,001,10556,Staff,TR 11a-12:15p,Lecture,Open,6
MATH-UA,MATH-UA 334,,002,10557,Staff,F 2-3:15p,Recitation,Open,6
MATH-UA,MATH-UA 334,,003,10558,Staff,F 3:30-4:45p,Recitation,Open,6
MATH-UA,MATH-UA 334,,004,10559,Staff,MW 3:30-4:45p,Lecture,Open,6
MATH-UA,MATH-UA 334,,005,10560,Staff,F 8-9:15a,Recitation,Open,6
MATH-UA,MATH-UA 334,,006,10561,Staff,F 9:30-10:45a,Recitation,Open,6
MATH-UA,MATH-UA 338,,001,10766,Staff,TR 2-3:15p,Lecture,Open,2
MATH-UA,MATH-UA 338,,002,10767,Staff,F 2-3:15p,Recitation,Open,2
MATH-UA,MATH-UA 343,,001,10615,Staff,TR 3:30-4:45p,Lecture,Open,9
MATH-UA,MATH-UA 343,,002,10616,Staff,F 2-3:15p,Recitation,Open,9
MATH-UA,MATH-UA 343,,003,10617,Staff,F 3:30-4:45p,Recitation,Open,9
MATH-UA,MATH-UA 343,,004,10618,Staff,MW 9:30-10:45a,Lecture,Open,9
MATH-UA,MATH-UA 343,,005,10619,Staff,F 9:30-10:45a,Recitation,Open,9
MATH-UA,MATH-UA 343,,006,10620,Staff,F 8-9:15a,Recitation,Open,9
MATH-UA,MATH-UA 343,,007,10621,Staff,TR 11a-12:15p,Lecture,Open,9
MATH-UA,MATH-UA 343,,008,10622,Staff,F 12:30-1:45p,Recitation,Open,9
MATH-UA,MATH-UA 343,,009,10623,Staff,F 11a-12:15p,Recitation,Open,9
MATH-UA,MATH-UA 348,,001,10689,Staff,TR 12:30-1:45p,Lecture,Open,3
MATH-UA,MATH-UA 348,,002,10690,Staff,F 12:30-1:45p,Recitation,Open,3
MATH-UA,MATH-UA 348,,003,10691,Staff,F 2-3:15p,Recitation,Open,3
MATH-UA,MATH-UA 352,,001,10585,Staff,TR 11a-12:15p,Lecture,Open,8
MATH-UA,MATH-UA 352,,002,10586,Staff,F 8-9:15a,Recitation,Open,8
MATH-UA,MATH-UA 352,,003,10587,Staff,TR 9:30-10:45a,Lecture,Open,8
MATH-UA,MATH-UA 352,,004,10588,Staff,F 11a-12:15p,Recitation,Open,8
MATH-UA,MATH-UA 352,,005,10589,Staff,TR 12:30-1:45p,Lecture,Open,8
MATH-UA,MATH-UA 352,,006,10590,Staff,F 12:30-1:45p,Recitation,Open,8
MATH-UA,MATH-UA 352,,007,10591,Staff,MW 8-9:15a,Lecture,Open,8
MATH-UA,MATH-UA 352,,008,10592,Staff,F 9:30-10:45a,Recitation,Open,8
MATH-UA,MATH-UA 353,,001,10776,Staff,TR 9:30-10:45a,Lecture,Open,3
MATH-UA,MATH-UA 353,,002,10777,Staff,F 2-3:15p,Recitation,Open,3
MATH-UA,MATH-UA 353,,003,10778,Staff,F 3:30-4:45p,Recitation,Open,3
MATH-UA,MATH-UA 377,,001,21203,Staff,TR 12:30-1:45p,Lecture,Open,2
MATH-UA,MATH-UA 377,,002,21383,Staff,F 8-9:15a,Recitation,Open,2
MATH-UA,MATH-UA 395,,001,21200,Staff,TR 3:30-4:45p,Lecture,Open,2
MATH-UA,MATH-UA 395,,002,21380,Staff,F 3:30-4:45p,Recitation,Open,2
MATH-UA,MATH-UA 897,,001,10768,Staff,Does Not Meet,Internship,Open,1
MATH-UA,MATH-UA 9,,001,10403,Staff,TR 4:55-6:10p,Lecture,Open,15
MATH-UA,MATH-UA 9,,002,10404,Staff,F 3:30-4:45p,Recitation,Open,15
MATH-UA,MATH-UA 9,,003,10405,Staff,F 4:55-6:10p,Recitation,Open,15
MATH-UA,MATH-UA 9,,004,10406,Staff,T 8-9:15a,Recitation,Open,15
MATH-UA,MATH-UA 9,,005,10407,Staff,T 9:30-10:45a,Recitation,Open,15
MATH-UA,MATH-UA 9,,006,10408,Staff,TR 12:30-1:45p,Lecture,Open,15
MATH-UA,MATH-UA 9,,007,10409,Staff,M 9:30-10:45a,Recitation,Open,15
MATH-UA,MATH-UA 9,,008,10410,Staff,M 11a-12:15p,Recitation,Open,15
MATH-UA,MATH-UA 9,,009,10411,Staff,M 12:30-1:45p,Recitation,Open,15
MATH-UA,MATH-UA 9,,010,10412,Staff,M 2-3:15p,Recitation,Open,15
MATH-UA,MATH-UA 9,,011,10413,Staff,MW 9:30-10:45a,Lecture,Open,15
MATH-UA,MATH-UA 9,,012,10414,Staff,F 8-9:15a,Recitation,Open,15
MATH-UA,MATH-UA 9,,013,10415,Staff,F 9:30-10:45a,Recitation,Open,15
MATH-UA,MATH-UA 9,,014,10417,Staff,F 11a-12:15p,Recitation,Open,15
MATH-UA,MATH-UA 9,,015,10418,Staff,F 12:30-1:45p,Recitation,Open,15
MATH-UA,MATH-UA 997,,001,10626,Staff,Does Not Meet,Independent,Open,1
MEDI-UA,MEDI-UA 20,,001,22181,Staff,MW 4:55-6:10p,Lecture,Open,1
MEDI-UA,MEDI-UA 700,,001,11786,Staff,W 12:30-3p,Lecture,Open,2
MEDI-UA,MEDI-UA 700,,002,22422,Staff,MW 2-3:15p,Lecture,Open,2
MEDI-UA,MEDI-UA 997,,001,13655,Staff,Does Not Meet,Independent,Open,1
MEIS-UA,MEIS-UA 101,,001,13620,Staff,MTWR 9:30-10:45a,Lecture,Open,3
MEIS-UA,MEIS-UA 101,,002,13621,Staff,MTWR 11a-12:15p,Lecture,Open,3
MEIS-UA,MEIS-UA 101,,003,13622,Staff,MTWR 2-3:15p,Lecture,Open,3
MEIS-UA,MEIS-UA 102,,001,13623,Staff,MTWR 2-3:15p,Lecture,Open,1
MEIS-UA,MEIS-UA 103,,001,13624,Staff,MTWR 9:30-10:45a,Lecture,Open,3
MEIS-UA,MEIS-UA 103,,002,13625,Staff,MTWR 11a-12:15p,Lecture,Open,3
MEIS-UA,MEIS-UA 103,,003,13626,Staff,MTWR 2-3:15p,Lecture,Open,3
MEIS-UA,MEIS-UA 104,,001,13627,Staff,MTWR 2-3:15p,Lecture,Open,1
MEIS-UA,MEIS-UA 301,,001,13628,Staff,MTWR 11a-12:15p,Lecture,Open,1
MEIS-UA,MEIS-UA 303,,001,13629,Staff,MW 12:30-3:15p,Lecture,Open,1
MEIS-UA,MEIS-UA 401,,001,13630,Staff,TRF 11a-12:15p,Lecture,Open,1
MEIS-UA,MEIS-UA 403,,001,13631,Staff,Does Not Meet,Lecture,Open,1
MEIS-UA,MEIS-UA 405,,001,13632,Staff,MTWR 11a-12:15p,Lecture,Open,2
MEIS-UA,MEIS-UA 405,,002,13633,Staff,MTWR 12:30-1:45p,Lecture,Open,2
MEIS-UA,MEIS-UA 407,,001,13634,Staff,MTWR 2-3:15p,Lecture,Open,2
MEIS-UA,MEIS-UA 407,,002,13635,Staff,Does Not Meet,Lecture,Open,2
MEIS-UA,MEIS-UA 409,,001,13636,Staff,Does Not Meet,Lecture,Open,1
MEIS-UA,MEIS-UA 501,,001,13637,Staff,MTWR 11a-12:15p,Lecture,Open,1
MEIS-UA,MEIS-UA 503,,001,13638,Staff,MTWR 9:30-10:45a,Lecture,Open,1
MEIS-UA,MEIS-UA 518,,001,13639,Staff,R 2-4:45p,Seminar,Open,1
MEIS-UA,MEIS-UA 640,,001,13641,Staff,MW 12:30-1:45p,Lecture,Open,5
MEIS-UA,MEIS-UA 640,,002,13642,Staff,T 9:30-10:45a,Recitation,Open,5
MEIS-UA,MEIS-UA 640,,003,13643,Staff,T 9:30-10:45a,Recitation,Open,5
MEIS-UA,MEIS-UA 640,,004,13644,Staff,T 12:30-1:45p,Recitation,Open,5
MEIS-UA,MEIS-UA 640,,005,13645,Staff,T 12:30-1:45p,Recitation,Open,5
MEIS-UA,MEIS-UA 688,,001,13646,Staff,W 2-4:45p,Seminar,Open,1
MEIS-UA,MEIS-UA 710,,001,13648,Staff,TR 3:30-4:45p,Lecture,Open,1
MEIS-UA,MEIS-UA 718,,001,13649,Staff,W 4:55-7:40p,Lecture,Open,1
MEIS-UA,MEIS-UA 781,,001,13650,Staff,MW 3:30-4:45p,Lecture,Open,1
MEIS-UA,MEIS-UA 785,,001,22129,Staff,T 4:55-7:40p,Seminar,Open,1
MEIS-UA,MEIS-UA 798,,002,13651,Staff,R 2-4:45p,Lecture,Open,1
MEIS-UA,MEIS-UA 980,,001,13652,Staff,Does Not Meet,Independent,Open,1
MEIS-UA,MEIS-UA 997,,001,13653,Staff,Does Not Meet,Independent,Open,1
MEIS-UA,MEIS-UA 998,,001,13654,Staff,Does Not Meet,Independent,Open,1
MUSIC-UA,MUSIC-UA 140,,001,13602,Staff,R 2-4:30p,Lecture,Open,1
MUSIC-UA,MUSIC-UA 20,,001,13599,Staff,MW 9:30-10:45a,Lecture,Open,3
MUSIC-UA,MUSIC-UA 20,,002,13600,Staff,T 8-9:15a,Lab,Open,3
MUSIC-UA,MUSIC-UA 20,,003,13601,Staff,T 12:30-1:45p,Lab,Open,3
MUSIC-UA,MUSIC-UA 201,,001,13603,Staff,MW 9:30-10:45a,Seminar,Open,3
MUSIC-UA,MUSIC-UA 201,,002,13604,Staff,T 8-9:15a,Lab,Open,3
MUSIC-UA,MUSIC-UA 201,,003,13605,Staff,T 2-3:15p,Lab,Open,3
MUSIC-UA,MUSIC-UA 202,,001,13606,Staff,MW 9:30-10:45a,Seminar,Open,3
MUSIC-UA,MUSIC-UA 202,,002,13607,Staff,T 8-9:15a,Lab,Open,3
MUSIC-UA,MUSIC-UA 202,,003,13608,Staff,T 2-3:15p,Lab,Open,3
MUSIC-UA,MUSIC-UA 3,,001,13598,Staff,MW 2-3:15p,Lecture,Open,1
MUSIC-UA,MUSIC-UA 307,,001,21432,Staff,W 2-4:30p,Seminar,Open,1
MUSIC-UA,MUSIC-UA 505,,001,13609,Staff,W 11a-1:30p,Seminar,Open,1
MUSIC-UA,MUSIC-UA 508,,001,22423,Staff,W 12:30-3p,Seminar,Open,1
MUSIC-UA,MUSIC-UA 901,,001,13610,Staff,M 2-4:30p,Seminar,Open,1
MUSIC-UA,MUSIC-UA 901,,002,13611,Staff,F 11a-12:15p,Recitation,Open,2
MUSIC-UA,MUSIC-UA 901,,003,13612,Staff,F 12:30-1:45p,Recitation,Open,2
MUSIC-UA,MUSIC-UA 901,,004,13613,Staff,T 2-4:30p,Seminar,Open,1
MUSIC-UA,MUSIC-UA 901,,005,13614,Staff,TR 3:30-4:45p,Seminar,Open,1
MUSIC-UA,MUSIC-UA 901,,006,21540,Staff,M 6:20-8:50p,Seminar,Open,2
MUSIC-UA,MUSIC-UA 901,,007,21433,Staff,W 6:20-8:50p,Seminar,Open,2
MUSIC-UA,MUSIC-UA 980,,001,13616,Staff,Does Not Meet,Independent,Open,1
MUSIC-UA,MUSIC-UA 997,,001,13617,Staff,Does Not Meet,Independent,Open,2
MUSIC-UA,MUSIC-UA 997,,002,13618,Staff,Does Not Meet,Independent,Open,2
MUSIC-UA,MUSIC-UA 998,,001,13619,Staff,Does Not Meet,Independent,Open,1
NEURL-UA,NEURL-UA 210,,001,8289,Staff,MW 11a-12:15p,Lecture,Open,7
NEURL-UA,NEURL-UA 210,,002,8290,Staff,T 12:30-1:45p,Recitation,Open,7
NEURL-UA,NEURL-UA 210,,003,8291,Staff,T 2-3:15p,Recitation,Open,7
NEURL-UA,NEURL-UA 210,,004,8292,Staff,W 12:30-1:45p,Recitation,Open,7
NEURL-UA,NEURL-UA 210,,005,8293,Staff,W 2-3:15p,Recitation,Open,7
NEURL-UA,NEURL-UA 210,,006,8294,Staff,R 12:30-1:45p,Recitation,Open,7
NEURL-UA,NEURL-UA 210,,007,8295,Staff,R 2-3:15p,Recitation,Open,7
NEURL-UA,NEURL-UA 211,,001,8296,Staff,W 2-6p,Lab,Open,1
NEURL-UA,NEURL-UA 301,,001,8303,Staff,T 2-3:40p,Lecture,Open,1
NEURL-UA,NEURL-UA 302,,001,8300,Staff,M 9:15a-12:15p,Seminar,Open,1
NEURL-UA,NEURL-UA 302,,002,8297,Staff,M 1:45-4:45p,Seminar,Open,1
NEURL-UA,NEURL-UA 302,,003,8298,Staff,R 9:15a-12:15p,Seminar,Open,1
NEURL-UA,NEURL-UA 302,,004,8299,Staff,R 1:45-4:45p,Seminar,Open,1
NEURL-UA,NEURL-UA 311,,001,8304,Staff,TR 12:30-1:45p,Lecture,Open,1
NEURL-UA,NEURL-UA 313,,001,8305,Staff,T 9:15a-12:15p,Lecture,Open,1
NODEP-UA,NODEP-UA 101,,001,6585,Staff,T 6:20-7:35p,Lecture,Open,3
NODEP-UA,NODEP-UA 101,,002,6586,Staff,M 6:20-7:35p,Lecture,Open,3
NODEP-UA,NODEP-UA 101,,003,6587,Staff,T 12:30-1:45p,Lecture,Open,3
NODEP-UA,NODEP-UA 981,,001,6582,Staff,M 4:55-7:25p,Seminar,Open,1
PHIL-UA,PHIL-UA 101,,001,6737,Staff,T 11a-1:30p,Seminar,Open,1
PHIL-UA,PHIL-UA 103,,001,22022,Staff,T 2-4:30p,Seminar,Open,1
PHIL-UA,PHIL-UA 20,,001,6716,Staff,TR 3:30-4:45p,Lecture,Open,5
PHIL-UA,PHIL-UA 20,,002,6717,Staff,F 9:30-10:45a,Recitation,Open,5
PHIL-UA,PHIL-UA 20,,003,6718,Staff,F 11a-12:15p,Recitation,Open,5
PHIL-UA,PHIL-UA 20,,004,6719,Staff,F 12:30-1:45p,Recitation,Open,5
PHIL-UA,PHIL-UA 20,,005,6720,Staff,F 2-3:15p,Recitation,Open,5
PHIL-UA,PHIL-UA 201,,001,6740,Staff,R 1:15-3:15p,Seminar,Open,1
PHIL-UA,PHIL-UA 301,,001,6741,Staff,Does Not Meet,Independent,Open,1
PHIL-UA,PHIL-UA 39,,001,6721,Staff,MW 9:30-10:45a,Lecture,Open,3
PHIL-UA,PHIL-UA 39,,002,6722,Staff,F 9:30-10:45a,Recitation,Open,3
PHIL-UA,PHIL-UA 39,,003,6723,Staff,F 11a-12:15p,Recitation,Open,3
PHIL-UA,PHIL-UA 41,,001,6724,Staff,MW 6:20-7:35p,Lecture,Open,1
PHIL-UA,PHIL-UA 422,,001,21377,Staff,MW 9:30-10:45a,Seminar,Open,1
PHIL-UA,PHIL-UA 45,,001,6725,Staff,TR 11a-12:15p,Lecture,Open,5
PHIL-UA,PHIL-UA 45,,002,6726,Staff,F 2-3:15p,Recitation,Open,5
PHIL-UA,PHIL-UA 45,,003,6727,Staff,F 9:30-10:45a,Recitation,Open,5
PHIL-UA,PHIL-UA 45,,004,6728,Staff,F 11a-12:15p,Recitation,Open,5
PHIL-UA,PHIL-UA 45,,005,6729,Staff,F 12:30-1:45p,Recitation,Open,5
PHIL-UA,PHIL-UA 5,,001,6749,Staff,TR 4:55-6:10p,Lecture,Open,5
PHIL-UA,PHIL-UA 5,,002,6750,Staff,F 2-3:15p,Recitation,Open,5
PHIL-UA,PHIL-UA 5,,003,6751,Staff,F 9:30-10:45a,Recitation,Open,5
PHIL-UA,PHIL-UA 5,,004,6752,Staff,F 11a-12:15p,Recitation,Open,5
PHIL-UA,PHIL-UA 5,,005,6753,Staff,F 12:30-1:45p,Recitation,Open,5
PHIL-UA,PHIL-UA 50,,001,6747,Staff,MW 9:30-10:45a,Lecture,Open,2
PHIL-UA,PHIL-UA 50,,002,6748,Staff,TR 9:30-10:45a,Lecture,Open,2
PHIL-UA,PHIL-UA 6,,001,6754,Staff,MW 4:55-6:10p,Lecture,Open,5
PHIL-UA,PHIL-UA 6,,002,6755,Staff,R 3:30-4:45p,Recitation,Open,5
PHIL-UA,PHIL-UA 6,,003,6756,Staff,R 4:55-6:10p,Recitation,Open,5
PHIL-UA,PHIL-UA 6,,004,6757,Staff,F 12:30-1:45p,Recitation,Open,5
PHIL-UA,PHIL-UA 6,,005,6758,Staff,F 2-3:15p,Recitation,Open,5
PHIL-UA,PHIL-UA 70,,001,6730,Staff,MW 3:30-4:45p,Lecture,Open,3
PHIL-UA,PHIL-UA 70,,002,6731,Staff,MW 11a-12:15p,Lecture,Open,3
PHIL-UA,PHIL-UA 70,,003,6732,Staff,TR 3:30-4:45p,Lecture,Open,3
PHIL-UA,PHIL-UA 76,,001,6742,Staff,TR 2-3:15p,Lecture,Open,5
PHIL-UA,PHIL-UA 76,,002,6743,Staff,F 11a-12:15p,Recitation,Open,5
PHIL-UA,PHIL-UA 76,,003,6744,Staff,F 9:30-10:45a,Recitation,Open,5
PHIL-UA,PHIL-UA 76,,004,6745,Staff,F 12:30-1:45p,Recitation,Open,5
PHIL-UA,PHIL-UA 76,,005,6746,Staff,F 2-3:15p,Recitation,Open,5
PHIL-UA,PHIL-UA 85,,001,6733,Staff,TR 9:30-10:45a,Lecture,Open,3
PHIL-UA,PHIL-UA 85,,002,6734,Staff,F 2-3:15p,Recitation,Open,3
PHIL-UA,PHIL-UA 85,,003,6735,Staff,F 11a-12:15p,Recitation,Open,3
PHIL-UA,PHIL-UA 98,,001,6736,Staff,MW 2-3:15p,Lecture,Open,1
PHYS-UA,PHYS-UA 11,,001,18310,Staff,TR 9:30-10:45a; F 2-4p,Lecture,Open,32
PHYS-UA,PHYS-UA 11,,002,18311,Staff,W 8:25-10:45a,Lab,Open,32
PHYS-UA,PHYS-UA 11,,003,18312,Staff,W 11a-1:20p,Lab,Open,32
PHYS-UA,PHYS-UA 11,,004,18313,Staff,R 11a-1:20p,Lab,Open,32
PHYS-UA,PHYS-UA 11,,005,18314,Staff,T 11a-1:20p,Lab,Open,32
PHYS-UA,PHYS-UA 11,,006,18315,Staff,W 1:30-3:50p,Lab,Open,32
PHYS-UA,PHYS-UA 11,,007,18316,Staff,M 1:30-3:50p,Lab,Open,32
PHYS-UA,PHYS-UA 11,,008,18317,Staff,R 1:30-3:50p,Lab,Open,32
PHYS-UA,PHYS-UA 11,,009,18318,Staff,T 1:30-3:50p,Lab,Open,32
PHYS-UA,PHYS-UA 11,,010,18319,Staff,W 4-6:20p,Lab,Open,32
PHYS-UA,PHYS-UA 11,,011,18320,Staff,M 4-6:20p,Lab,Open,32
PHYS-UA,PHYS-UA 11,,012,18321,Staff,R 4-6:20p,Lab,Open,32
PHYS-UA,PHYS-UA 11,,013,18322,Staff,T 4-6:20p,Lab,Open,32
PHYS-UA,PHYS-UA 11,,014,18323,Staff,W 6:30-8:50p,Lab,Open,32
PHYS-UA,PHYS-UA 11,,015,18324,Staff,M 6:30-8:50p,Lab,Open,32
PHYS-UA,PHYS-UA 11,,016,18325,Staff,R 6:30-8:50p,Lab,Open,32
PHYS-UA,PHYS-UA 11,,017,18326,Staff,T 6:30-8:50p,Lab,Open,32
PHYS-UA,PHYS-UA 11,,018,18327,Staff,M 11a-1:20p,Lab,Open,32
PHYS-UA,PHYS-UA 11,,019,18328,Staff,M 8:25-10:45a,Lab,Open,32
PHYS-UA,PHYS-UA 11,,020,18329,Staff,R 11a-1:20p,Lab,Open,32
PHYS-UA,PHYS-UA 11,,021,18330,Staff,R 1:30-3:50p,Lab,Open,32
PHYS-UA,PHYS-UA 11,,022,18331,Staff,R 6:30-8:50p,Lab,Open,32
PHYS-UA,PHYS-UA 11,,023,18332,Staff,R 4-6:20p,Lab,Open,32
PHYS-UA,PHYS-UA 11,,024,18333,Staff,W 11a-1:20p,Lab,Open,32
PHYS-UA,PHYS-UA 11,,025,18334,Staff,W 1:30-3:50p,Lab,Open,32
PHYS-UA,PHYS-UA 11,,026,18335,Staff,W 4-6:20p,Lab,Open,32
PHYS-UA,PHYS-UA 11,,027,18336,Staff,W 6:30-8:50p,Lab,Open,32
PHYS-UA,PHYS-UA 11,,028,18337,Staff,W 8:25-10:45a,Lab,Open,32
PHYS-UA,PHYS-UA 11,,029,18338,Staff,T 11a-1:20p,Lab,Open,32
PHYS-UA,PHYS-UA 11,,030,18339,Staff,T 1:30-3:50p,Lab,Open,32
PHYS-UA,PHYS-UA 11,,031,18340,Staff,T 4-6:20p,Lab,Open,32
PHYS-UA,PHYS-UA 11,,032,18341,Staff,T 6:30-8:50p,Lab,Open,32
PHYS-UA,PHYS-UA 112,,001,18361,Staff,W 12:45-4:45p,Lab,Open,1
PHYS-UA,PHYS-UA 12,,001,18342,Staff,TR 9:30-10:45a; F 2-4p,Lecture,Open,7
PHYS-UA,PHYS-UA 12,,002,18343,Staff,R 1:30-3:50p,Lab,Open,7
PHYS-UA,PHYS-UA 12,,003,18344,Staff,R 4-6:20p,Lab,Open,7
PHYS-UA,PHYS-UA 12,,004,18345,Staff,R 11a-1:20p,Lab,Open,7
PHYS-UA,PHYS-UA 12,,005,18346,Staff,R 6:30-8:50p,Lab,Open,7
PHYS-UA,PHYS-UA 12,,006,18347,Staff,W 12:30-2:50p,Lab,Open,7
PHYS-UA,PHYS-UA 12,,007,18348,Staff,W 4-6:20p,Lab,Open,7
PHYS-UA,PHYS-UA 123,,001,18362,Staff,TR 11a-12:15p,Lecture,Open,4
PHYS-UA,PHYS-UA 123,,002,18363,Staff,M 2-3:15p,Recitation,Open,4
PHYS-UA,PHYS-UA 123,,003,18364,Staff,T 2-3:15p,Recitation,Open,4
PHYS-UA,PHYS-UA 123,,004,18365,Staff,T 4:55-6:10p,Recitation,Open,4
PHYS-UA,PHYS-UA 13,,001,18349,Staff,M 3:30-4:45p,Lecture,Open,3
PHYS-UA,PHYS-UA 13,,002,18350,Staff,M 7-9p,Lab,Open,3
PHYS-UA,PHYS-UA 13,,003,18351,Staff,W 7-9p,Lab,Open,3
PHYS-UA,PHYS-UA 131,,001,18366,Staff,MW 11a-12:15p,Lecture,Open,3
PHYS-UA,PHYS-UA 131,,002,18367,Staff,M 3:30-4:45p,Recitation,Open,3
PHYS-UA,PHYS-UA 131,,003,18368,Staff,W 4:55-6:10p,Recitation,Open,3
PHYS-UA,PHYS-UA 15,,001,18394,Staff,TR 9:30-10:45a,Lecture,Open,1
PHYS-UA,PHYS-UA 150,,001,18369,Staff,TR 9:30-10:45a,Lecture,Open,2
PHYS-UA,PHYS-UA 150,,002,18370,Staff,M 4:55-6:10p,Recitation,Open,2
PHYS-UA,PHYS-UA 20,,001,18353,Staff,TR 11a-12:15p,Lecture,Open,3
PHYS-UA,PHYS-UA 20,,002,18354,Staff,T 12:30-1:45p,Recitation,Open,3
PHYS-UA,PHYS-UA 20,,003,18355,Staff,R 12:30-1:45p,Recitation,Open,3
PHYS-UA,PHYS-UA 210,,001,18371,Staff,TR 12:30-1:45p,Lecture,Open,2
PHYS-UA,PHYS-UA 210,,002,18372,Staff,R 4:55-6:10p,Recitation,Open,2
PHYS-UA,PHYS-UA 71,,001,18385,Staff,M 11a-12:15p,Lecture,Open,5
PHYS-UA,PHYS-UA 71,,002,18386,Staff,M 12:30-3:30p,Lab,Open,5
PHYS-UA,PHYS-UA 71,,003,18387,Staff,T 9a-12p,Lab,Open,5
PHYS-UA,PHYS-UA 71,,004,18388,Staff,T 2-5p,Lab,Open,5
PHYS-UA,PHYS-UA 71,,005,18389,Staff,M 4-7p,Lab,Open,5
PHYS-UA,PHYS-UA 73,,001,18390,Staff,M 3:30-4:45p,Lecture,Open,4
PHYS-UA,PHYS-UA 73,,002,18391,Staff,T 11a-2p,Lab,Open,4
PHYS-UA,PHYS-UA 73,,003,18392,Staff,W 1-4p,Lab,Open,4
PHYS-UA,PHYS-UA 73,,004,18393,Staff,T 3-6p,Lab,Open,4
PHYS-UA,PHYS-UA 800,,001,18373,Staff,MWF 8-9:15a,Lecture,Open,1
PHYS-UA,PHYS-UA 800,,002,18374,Staff,R 8-9:15a,Recitation,Open,4
PHYS-UA,PHYS-UA 800,,003,18375,Staff,TR 8-9:15a,Lecture,Open,1
PHYS-UA,PHYS-UA 800,,004,18376,Staff,F 4:55-6:10p,Recitation,Open,4
PHYS-UA,PHYS-UA 800,,005,18377,Staff,TR 8-9:15a,Lecture,Open,1
PHYS-UA,PHYS-UA 800,,006,18378,Staff,R 4:55-6:10p,Recitation,Open,4
PHYS-UA,PHYS-UA 800,,007,18379,Staff,MW 4:55-6:10p,Lecture,Open,1
PHYS-UA,PHYS-UA 800,,008,18380,Staff,T 8-9:15a,Recitation,Open,4
PHYS-UA,PHYS-UA 91,,001,18352,Staff,TR 12:30-1:45p,Lecture,Open,5
PHYS-UA,PHYS-UA 91,,002,18356,Staff,T 4:55-6:10p,Recitation,Open,5
PHYS-UA,PHYS-UA 91,,003,18357,Staff,W 2-3:15p,Recitation,Open,5
PHYS-UA,PHYS-UA 91,,004,18358,Staff,R 4:55-6:10p,Recitation,Open,5
PHYS-UA,PHYS-UA 91,,005,18359,Staff,R 2-3:15p,Recitation,Open,5
PHYS-UA,PHYS-UA 95,,001,18360,Staff,MW 9:30-10:45a,Lecture,Open,4
PHYS-UA,PHYS-UA 95,,002,18382,Staff,M 12:30-1:45p,Recitation,Open,4
PHYS-UA,PHYS-UA 95,,003,18383,Staff,W 4:55-6:10p,Recitation,Open,4
PHYS-UA,PHYS-UA 95,,004,18384,Staff,R 2-3:15p,Recitation,Open,4
PHYS-UA,PHYS-UA 997,,001,18381,Staff,Does Not Meet,Independent,Open,1
POL-UA,POL-UA 100,,001,11826,Staff,TR 9:30-10:45a,Lecture,Open,7
POL-UA,POL-UA 100,,002,11827,Staff,T 8-9:15a,Recitation,Open,7
POL-UA,POL-UA 100,,003,11828,Staff,R 8-9:15a,Recitation,Open,7
POL-UA,POL-UA 100,,004,11829,Staff,W 6:20-7:35p,Recitation,Open,7
POL-UA,POL-UA 100,,005,11830,Staff,F 8-9:15a,Recitation,Open,7
POL-UA,POL-UA 100,,006,11831,Staff,M 6:20-7:35p,Recitation,Open,7
POL-UA,POL-UA 100,,007,11832,Staff,F 11a-12:15p,Recitation,Open,7
POL-UA,POL-UA 195,,001,11833,Staff,M 4:55-7:25p,Seminar,Open,1
POL-UA,POL-UA 195,,002,11834,Staff,F 11a-1:30p,Seminar,Open,1
POL-UA,POL-UA 195,,003,11835,Staff,R 11a-1:30p,Seminar,Open,1
POL-UA,POL-UA 195,,004,21434,Staff,M 8-10:30a,Seminar,Open,3
POL-UA,POL-UA 195,,005,21435,Staff,F 2-4:30p,Seminar,Open,3
POL-UA,POL-UA 195,,006,21436,Staff,W 11a-1:30p,Seminar,Open,1
POL-UA,POL-UA 195,,007,21437,Staff,M 2-4:30p,Seminar,Open,3
POL-UA,POL-UA 300,,001,11836,Staff,MW 3:30-4:45p,Lecture,Open,8
POL-UA,POL-UA 300,,002,11837,Staff,F 8-9:15a,Recitation,Open,8
POL-UA,POL-UA 300,,003,11838,Staff,R 6:20-7:35p,Recitation,Open,8
POL-UA,POL-UA 300,,004,11839,Staff,T 6:20-7:35p,Recitation,Open,8
POL-UA,POL-UA 300,,005,11840,Staff,F 11a-12:15p,Recitation,Open,8
POL-UA,POL-UA 300,,006,11841,Staff,W 8-9:15a,Recitation,Open,8
POL-UA,POL-UA 300,,007,11842,Staff,R 8-9:15a,Recitation,Open,8
POL-UA,POL-UA 300,,008,11843,Staff,F 9:30-10:45a,Recitation,Open,8
POL-UA,POL-UA 315,,001,11892,Staff,TR 2-3:15p,Lecture,Open,1
POL-UA,POL-UA 330,,001,11844,Staff,MW 9:30-10:45a,Lecture,Open,1
POL-UA,POL-UA 335,,001,11845,Staff,MW 8-9:15a,Lecture,Open,3
POL-UA,POL-UA 335,,002,11846,Staff,R 9:30-10:45a,Recitation,Open,3
POL-UA,POL-UA 335,,003,11847,Staff,W 9:30-10:45a,Recitation,Open,3
POL-UA,POL-UA 337,,001,11893,Staff,W 11a-1:30p,Lecture,Open,1
POL-UA,POL-UA 342,,001,22031,Staff,M 4:55-7:25p,Lecture,Open,1
POL-UA,POL-UA 382,,001,11848,Staff,TR 4:55-6:10p,Lecture,Open,1
POL-UA,POL-UA 395,,001,11849,Staff,T 2-4:30p,Seminar,Open,1
POL-UA,POL-UA 500,,001,11850,Staff,MW 9:30-10:45a,Lecture,Open,8
POL-UA,POL-UA 500,,002,11851,Staff,T 6:20-7:35p,Recitation,Open,8
POL-UA,POL-UA 500,,003,11852,Staff,R 8-9:15a,Recitation,Open,8
POL-UA,POL-UA 500,,004,11853,Staff,W 6:20-7:35p,Recitation,Open,8
POL-UA,POL-UA 500,,005,11854,Staff,T 8-9:15a,Recitation,Open,8
POL-UA,POL-UA 500,,006,11855,Staff,F 11a-12:15p,Recitation,Open,8
POL-UA,POL-UA 500,,007,11856,Staff,F 12:30-1:45p,Recitation,Open,8
POL-UA,POL-UA 500,,008,11857,Staff,R 6:20-7:35p,Recitation,Open,8
POL-UA,POL-UA 526,,001,14569,Staff,TR 9:30-10:45a,Seminar,Open,1
POL-UA,POL-UA 595,,001,11858,Staff,T 2-4:30p,Seminar,Open,1
POL-UA,POL-UA 595,,003,11859,Staff,M 2-4:30p,Seminar,Open,1
POL-UA,POL-UA 595,,004,11860,Staff,TR 9:30-10:45a,Seminar,Open,1
POL-UA,POL-UA 700,,001,11861,Staff,MW 12:30-1:45p,Lecture,Open,14
POL-UA,POL-UA 700,,002,11862,Staff,W 8-9:15a,Recitation,Open,14
POL-UA,POL-UA 700,,003,11863,Staff,R 8-9:15a,Recitation,Open,14
POL-UA,POL-UA 700,,004,11864,Staff,F 9:30-10:45a,Recitation,Open,14
POL-UA,POL-UA 700,,005,11865,Staff,F 3:30-4:45p,Recitation,Open,14
POL-UA,POL-UA 700,,006,11866,Staff,R 4:55-6:10p,Recitation,Open,14
POL-UA,POL-UA 700,,007,11867,Staff,R 11a-12:15p,Recitation,Open,14
POL-UA,POL-UA 700,,008,11868,Staff,W 6:20-7:35p,Recitation,Open,14
POL-UA,POL-UA 700,,009,11869,Staff,T 8-9:15a,Recitation,Open,14
POL-UA,POL-UA 700,,010,11870,Staff,F 2-3:15p,Recitation,Open,14
POL-UA,POL-UA 700,,011,11871,Staff,M 6:20-7:35p,Recitation,Open,14
POL-UA,POL-UA 700,,012,11872,Staff,R 12:30-1:45p,Recitation,Open,14
POL-UA,POL-UA 700,,013,11873,Staff,T 9:30-10:45a,Recitation,Open,14
POL-UA,POL-UA 700,,014,11874,Staff,T 6:20-7:35p,Recitation,Open,14
POL-UA,POL-UA 710,,001,11875,Staff,W 4:55-7:25p,Lecture,Open,1
POL-UA,POL-UA 730,,001,11876,Staff,TR 3:30-4:45p,Lecture,Open,1
POL-UA,POL-UA 740,,001,11877,Staff,F 11a-1:30p,Lecture,Open,1
POL-UA,POL-UA 741,,001,11878,Staff,MW 12:30-1:45p,Lecture,Open,1
POL-UA,POL-UA 795,,001,11879,Staff,M 11a-1:30p,Seminar,Open,1
POL-UA,POL-UA 795,,002,11880,Staff,M 2-4:30p,Seminar,Open,1
POL-UA,POL-UA 812,,001,11881,Staff,MW 3:30-4:45p,Lecture,Open,1
POL-UA,POL-UA 840,,001,11882,Staff,MW 11a-12:15p,Lecture,Open,3
POL-UA,POL-UA 840,,002,11883,Staff,F 12:30-1:45p,Recitation,Open,3
POL-UA,POL-UA 840,,003,11885,Staff,F 4:55-6:10p,Recitation,Open,3
POL-UA,POL-UA 850,,001,11894,Staff,MW 11a-12:15p,Lecture,Open,8
POL-UA,POL-UA 850,,002,11895,Staff,R 12:30-1:45p,Recitation,Open,8
POL-UA,POL-UA 850,,003,11896,Staff,M 9:30-10:45a,Recitation,Open,8
POL-UA,POL-UA 850,,004,11897,Staff,T 8-9:15a,Recitation,Open,8
POL-UA,POL-UA 850,,005,11898,Staff,R 4:55-6:10p,Recitation,Open,8
POL-UA,POL-UA 850,,006,11899,Staff,F 2-3:15p,Recitation,Open,8
POL-UA,POL-UA 850,,007,11900,Staff,F 9:30-10:45a,Recitation,Open,8
POL-UA,POL-UA 850,,008,11901,Staff,W 6:20-7:35p,Recitation,Open,8
POL-UA,POL-UA 851,,001,11911,Staff,TR 11a-12:15p,Lecture,Open,3
POL-UA,POL-UA 851,,004,21391,Staff,W 6:20-7:35p,Recitation,Open,3
POL-UA,POL-UA 851,,005,21438,Staff,F 9:30-10:45a,Recitation,Open,3
POL-UA,POL-UA 950,,001,11886,Staff,M 2-4:30p,Seminar,Open,2
POL-UA,POL-UA 950,,002,11887,Staff,F 2-3:15p,Recitation,Open,2
POL-UA,POL-UA 970,,001,11888,Staff,Does Not Meet,Independent,Open,1
POL-UA,POL-UA 990,,001,11889,Staff,Does Not Meet,Independent,Open,1
POL-UA,POL-UA 993,,001,11904,Staff,MW 2-3:15p,Lecture,Open,1
POL-UA,POL-UA 993,,002,11905,Staff,T 8-9:15a,Recitation,Open,6
POL-UA,POL-UA 993,,003,11906,Staff,F 3:30-4:45p,Recitation,Open,6
POL-UA,POL-UA 993,,004,11907,Staff,M 6:20-7:35p,Recitation,Open,6
POL-UA,POL-UA 993,,005,11908,Staff,W 8-9:15a,Recitation,Open,6
POL-UA,POL-UA 993,,006,11909,Staff,R 3:30-4:45p,Recitation,Open,6
POL-UA,POL-UA 993,,007,11910,Staff,F 9:30-10:45a,Recitation,Open,6
POL-UA,POL-UA 994,,001,11884,Staff,M 2-4:30p,Seminar,Open,1
POL-UA,POL-UA 994,,003,11891,Staff,R 2-4:30p,Seminar,Open,1
POL-UA,POL-UA 994,,004,22032,Staff,W 4:55-7:25p,Seminar,Open,1
POL-UA,POL-UA 999,,001,11902,Staff,W 6:20-7:35p,Lecture,Open,1
POL-UA,POL-UA 999,,002,11903,Staff,W 6:20-7:50p,Lecture,Open,1
PORT-UA,PORT-UA 1,,001,13186,Staff,TRF 2-3:15p,Lecture,Open,1
PORT-UA,PORT-UA 11,,001,13099,Staff,TR 11a-1p,Lecture,Open,1
PORT-UA,PORT-UA 170,,001,13101,Staff,Does Not Meet,Independent,Open,1
PORT-UA,PORT-UA 3,,001,13097,Staff,TRF 11a-12:15p,Lecture,Open,1
PORT-UA,PORT-UA 300,,001,13184,Staff,MW 12:30-1:45p,Lecture,Open,1
PORT-UA,PORT-UA 4,,001,13098,Staff,TRF 12:30-1:45p,Lecture,Open,1
PORT-UA,PORT-UA 50,,001,13100,Staff,TR 3:30-4:45p,Lecture,Open,1
PORT-UA,PORT-UA 500,,001,21607,Staff,MW 9:30-10:45a,Lecture,Open,1
PSYCH-UA,PSYCH-UA 1,,001,8996,Staff,MW 9:30-10:45a,Lecture,Open,22
PSYCH-UA,PSYCH-UA 1,,002,8997,Staff,R 3:30-4:45p,Recitation,Open,22
PSYCH-UA,PSYCH-UA 1,,003,8998,Staff,M 11a-12:15p,Recitation,Open,22
PSYCH-UA,PSYCH-UA 1,,004,8999,Staff,T 9:30-10:45a,Recitation,Open,22
PSYCH-UA,PSYCH-UA 1,,005,9000,Staff,R 12:30-1:45p,Recitation,Open,22
PSYCH-UA,PSYCH-UA 1,,006,9001,Staff,T 8-9:15a,Recitation,Open,22
PSYCH-UA,PSYCH-UA 1,,007,9002,Staff,W 4:55-6:10p,Recitation,Open,22
PSYCH-UA,PSYCH-UA 1,,008,9003,Staff,R 9:30-10:45a,Recitation,Open,22
PSYCH-UA,PSYCH-UA 1,,009,9004,Staff,R 12:30-1:45p,Recitation,Open,22
PSYCH-UA,PSYCH-UA 1,,010,9005,Staff,R 8-9:15a,Recitation,Open,22
PSYCH-UA,PSYCH-UA 1,,011,9006,Staff,F 9:30-10:45a,Recitation,Open,22
PSYCH-UA,PSYCH-UA 1,,012,9007,Staff,MW 3:30-4:45p,Lecture,Open,22
PSYCH-UA,PSYCH-UA 1,,013,9008,Staff,T 8-9:15a,Recitation,Open,22
PSYCH-UA,PSYCH-UA 1,,014,9009,Staff,M 9:30-10:45a,Recitation,Open,22
PSYCH-UA,PSYCH-UA 1,,015,9010,Staff,T 3:30-4:45p,Recitation,Open,22
PSYCH-UA,PSYCH-UA 1,,016,9011,Staff,W 4:55-6:10p,Recitation,Open,22
PSYCH-UA,PSYCH-UA 1,,017,9012,Staff,R 9:30-10:45a,Recitation,Open,22
PSYCH-UA,PSYCH-UA 1,,018,9013,Staff,R 4:55-6:10p,Recitation,Open,22
PSYCH-UA,PSYCH-UA 1,,019,9014,Staff,R 9:30-10:45a,Recitation,Open,22
PSYCH-UA,PSYCH-UA 1,,020,9015,Staff,F 11a-12:15p,Recitation,Open,22
PSYCH-UA,PSYCH-UA 1,,021,9016,Staff,M 4:55-6:10p,Recitation,Open,22
PSYCH-UA,PSYCH-UA 1,,022,9017,Staff,R 12:30-1:45p,Recitation,Open,22
PSYCH-UA,PSYCH-UA 10,,001,9023,Staff,MW 12:30-1:45p,Lecture,Open,12
PSYCH-UA,PSYCH-UA 10,,002,9024,Staff,M 11a-12:15p,Recitation,Open,12
PSYCH-UA,PSYCH-UA 10,,003,9025,Staff,M 9:30-10:45a,Recitation,Open,12
PSYCH-UA,PSYCH-UA 10,,004,9026,Staff,T 8-9:15a,Recitation,Open,12
PSYCH-UA,PSYCH-UA 10,,005,9027,Staff,R 9:30-10:45a,Recitation,Open,12
PSYCH-UA,PSYCH-UA 10,,006,9028,Staff,W 2-3:15p,Recitation,Open,12
PSYCH-UA,PSYCH-UA 10,,007,9029,Staff,TR 12:30-1:45p,Lecture,Open,12
PSYCH-UA,PSYCH-UA 10,,008,9030,Staff,T 11a-12:15p,Recitation,Open,12
PSYCH-UA,PSYCH-UA 10,,009,9031,Staff,W 11a-12:15p,Recitation,Open,12
PSYCH-UA,PSYCH-UA 10,,010,9032,Staff,R 11a-12:15p,Recitation,Open,12
PSYCH-UA,PSYCH-UA 10,,011,9033,Staff,W 9:30-10:45a,Recitation,Open,12
PSYCH-UA,PSYCH-UA 10,,012,9034,Staff,R 4:55-6:10p,Recitation,Open,12
PSYCH-UA,PSYCH-UA 11,,001,9092,Staff,TR 12:30-1:45p,Lecture,Open,3
PSYCH-UA,PSYCH-UA 11,,002,9093,Staff,W 9:30-10:45a,Recitation,Open,3
PSYCH-UA,PSYCH-UA 11,,003,9094,Staff,T 11a-12:15p,Recitation,Open,3
PSYCH-UA,PSYCH-UA 2,,001,9022,Staff,R 3-4:50p,Seminar,Open,1
PSYCH-UA,PSYCH-UA 200,,001,9083,Staff,W 2-4:30p,Seminar,Open,2
PSYCH-UA,PSYCH-UA 200,,002,9084,Staff,W 4:55-7:25p,Seminar,Open,2
PSYCH-UA,PSYCH-UA 22,,001,9035,Staff,MW 9:30-10:45a,Lecture,Open,5
PSYCH-UA,PSYCH-UA 22,,002,9036,Staff,T 3:30-4:45p,Recitation,Open,5
PSYCH-UA,PSYCH-UA 22,,003,9037,Staff,M 11a-12:15p,Recitation,Open,5
PSYCH-UA,PSYCH-UA 22,,004,9038,Staff,M 2-3:15p,Recitation,Open,5
PSYCH-UA,PSYCH-UA 22,,005,9039,Staff,T 9:30-10:45a,Recitation,Open,5
PSYCH-UA,PSYCH-UA 25,,001,9040,Staff,MW 3:30-4:45p,Lecture,Open,5
PSYCH-UA,PSYCH-UA 25,,002,9041,Staff,R 4:55-6:10p,Recitation,Open,5
PSYCH-UA,PSYCH-UA 25,,003,9042,Staff,W 9:30-10:45a,Recitation,Open,5
PSYCH-UA,PSYCH-UA 25,,004,9043,Staff,M 11a-12:15p,Recitation,Open,5
PSYCH-UA,PSYCH-UA 25,,005,9044,Staff,T 12:30-1:45p,Recitation,Open,5
PSYCH-UA,PSYCH-UA 27,,001,13803,Staff,TR 11a-12:15p,Lecture,Open,3
PSYCH-UA,PSYCH-UA 27,,002,13804,Staff,M 11a-12:15p,Recitation,Open,3
PSYCH-UA,PSYCH-UA 27,,003,13805,Staff,M 4:55-6:10p,Recitation,Open,3
PSYCH-UA,PSYCH-UA 29,,001,9045,Staff,TR 12:30-1:45p,Lecture,Open,7
PSYCH-UA,PSYCH-UA 29,,002,9047,Staff,W 3:30-4:45p,Recitation,Open,7
PSYCH-UA,PSYCH-UA 29,,003,9048,Staff,T 11a-12:15p,Recitation,Open,7
PSYCH-UA,PSYCH-UA 29,,004,9049,Staff,R 2-3:15p,Recitation,Open,7
PSYCH-UA,PSYCH-UA 29,,005,9046,Staff,R 4:55-6:10p,Recitation,Open,7
PSYCH-UA,PSYCH-UA 29,,006,9050,Staff,M 12:30-1:45p,Recitation,Open,7
PSYCH-UA,PSYCH-UA 29,,007,9051,Staff,R 2-3:15p,Recitation,Open,7
PSYCH-UA,PSYCH-UA 30,,001,9052,Staff,TR 12:30-1:45p,Lecture,Open,5
PSYCH-UA,PSYCH-UA 30,,002,9053,Staff,M 2-3:15p,Recitation,Open,5
PSYCH-UA,PSYCH-UA 30,,003,9054,Staff,R 3:30-4:45p,Recitation,Open,5
PSYCH-UA,PSYCH-UA 30,,004,9055,Staff,M 2-3:15p,Recitation,Open,5
PSYCH-UA,PSYCH-UA 30,,005,9056,Staff,W 2-3:15p,Recitation,Open,5
PSYCH-UA,PSYCH-UA 300,,001,9085,Staff,TR 12:30-1:45p,Lecture,Open,1
PSYCH-UA,PSYCH-UA 300,,002,9086,Staff,T 11a-1:30p,Lecture,Open,1
PSYCH-UA,PSYCH-UA 300,,003,9087,Staff,T 2-4:30p,Lecture,Open,1
PSYCH-UA,PSYCH-UA 300,,004,9088,Staff,MW 9:30-10:45a,Lecture,Open,1
PSYCH-UA,PSYCH-UA 300,,005,21645,Staff,MW 11a-12:15p,Lecture,Open,1
PSYCH-UA,PSYCH-UA 300,,007,13806,Staff,R 9:30a-12:15p,Lecture,Open,2
PSYCH-UA,PSYCH-UA 300,,008,13807,Staff,M 3:30-4:45p,Recitation,Open,2
PSYCH-UA,PSYCH-UA 32,,001,9058,Staff,MW 11a-12:15p,Lecture,Open,9
PSYCH-UA,PSYCH-UA 32,,002,9059,Staff,R 3:30-4:45p,Recitation,Open,9
PSYCH-UA,PSYCH-UA 32,,003,9060,Staff,T 3:30-4:45p,Recitation,Open,9
PSYCH-UA,PSYCH-UA 32,,004,9057,Staff,M 12:30-1:45p,Recitation,Open,9
PSYCH-UA,PSYCH-UA 32,,005,9061,Staff,W 12:30-1:45p,Recitation,Open,9
PSYCH-UA,PSYCH-UA 32,,006,9062,Staff,R 4:55-6:10p,Recitation,Open,9
PSYCH-UA,PSYCH-UA 32,,007,9063,Staff,R 3:30-4:45p,Recitation,Open,9
PSYCH-UA,PSYCH-UA 32,,008,9064,Staff,W 12:30-1:45p,Recitation,Open,9
PSYCH-UA,PSYCH-UA 32,,009,9065,Staff,T 9:30-10:45a,Recitation,Open,9
PSYCH-UA,PSYCH-UA 34,,001,9066,Staff,TR 9:30-10:45a,Lecture,Open,7
PSYCH-UA,PSYCH-UA 34,,002,9067,Staff,M 12:30-1:45p,Recitation,Open,7
PSYCH-UA,PSYCH-UA 34,,003,9068,Staff,F 11a-12:15p,Recitation,Open,7
PSYCH-UA,PSYCH-UA 34,,004,9069,Staff,M 2-3:15p,Recitation,Open,7
PSYCH-UA,PSYCH-UA 34,,005,9070,Staff,W 3:30-4:45p,Recitation,Open,7
PSYCH-UA,PSYCH-UA 34,,006,9071,Staff,R 11a-12:15p,Recitation,Open,7
PSYCH-UA,PSYCH-UA 34,,007,9072,Staff,M 3:30-4:45p,Recitation,Open,7
PSYCH-UA,PSYCH-UA 35,,001,9096,Staff,TR 3:30-4:45p,Lecture,Open,5
PSYCH-UA,PSYCH-UA 35,,002,9097,Staff,F 2-3:15p,Recitation,Open,5
PSYCH-UA,PSYCH-UA 35,,003,9098,Staff,W 11a-12:15p,Recitation,Open,5
PSYCH-UA,PSYCH-UA 35,,004,9099,Staff,M 2-3:15p,Recitation,Open,5
PSYCH-UA,PSYCH-UA 35,,005,9100,Staff,R 9:30-10:45a,Recitation,Open,5
PSYCH-UA,PSYCH-UA 39,,002,9074,Staff,T 2-4:30p,Lab,Open,1
PSYCH-UA,PSYCH-UA 42,,001,9075,Staff,W 5:30-8p,Lab,Open,1
PSYCH-UA,PSYCH-UA 46,,001,9076,Staff,TR 11a-12:15p,Lab,Open,2
PSYCH-UA,PSYCH-UA 46,,002,9077,Staff,W 2-4:30p,Lab,Open,2
PSYCH-UA,PSYCH-UA 51,,001,9078,Staff,MW 11a-12:15p,Lecture,Open,1
PSYCH-UA,PSYCH-UA 53,,001,9101,Staff,MW 2-3:15p,Seminar,Open,1
PSYCH-UA,PSYCH-UA 56,,001,9080,Staff,M 2-4:30p,Lecture,Open,1
PSYCH-UA,PSYCH-UA 62,,001,9081,Staff,M 6:20-8:50p,Lecture,Open,2
PSYCH-UA,PSYCH-UA 62,,002,9082,Staff,T 6:20-8:50p,Lecture,Open,2
PSYCH-UA,PSYCH-UA 74,,001,9095,Staff,W 2-4:30p,Seminar,Open,1
PSYCH-UA,PSYCH-UA 79,,001,9079,Staff,M 2-4:30p,Lecture,Open,1
PSYCH-UA,PSYCH-UA 8,,001,9104,Staff,R 2-4:30p,Lecture,Open,1
PSYCH-UA,PSYCH-UA 992,,001,9089,Staff,W 5:30-8p,Seminar,Open,1
PSYCH-UA,PSYCH-UA 993,,001,9090,Staff,Does Not Meet,Independent,Open,1
PSYCH-UA,PSYCH-UA 996,,001,9091,Staff,Does Not Meet,Independent,Open,1
PUBPL-UA,PUBPL-UA 800,,001,4517,Staff,M 4:55-7:25p,Seminar,Open,2
PUBPL-UA,PUBPL-UA 800,,002,4518,Staff,M 6:20-8:50p,Seminar,Open,2
RELST-UA,RELST-UA 1,,001,6702,Staff,MW 12:30-1:45p,Lecture,Open,1
RELST-UA,RELST-UA 15,,001,6703,Staff,T 2-4:45p,Seminar,Open,1
RELST-UA,RELST-UA 244,,001,6704,Staff,MW 9:30-10:45a,Lecture,Open,1
RELST-UA,RELST-UA 244,,002,21625,Staff,TR 3:30-4:45p,Lecture,Open,1
RELST-UA,RELST-UA 302,,001,6705,Staff,TR 9:30-10:45a,Lecture,Open,1
RELST-UA,RELST-UA 335,,001,21781,Staff,W 4:55-7:40p,Lecture,Open,1
RELST-UA,RELST-UA 404,,001,9651,Staff,TR 12:30-1:45p,Lecture,Open,1
RELST-UA,RELST-UA 422,,001,21627,Staff,MW 9:30-10:45a,Seminar,Open,1
RELST-UA,RELST-UA 649,,001,8417,Staff,TR 11a-12:15p,Lecture,Open,1
RELST-UA,RELST-UA 650,,001,21759,Staff,R 2-4:30p,Lecture,Open,1
RELST-UA,RELST-UA 781,,001,21782,Staff,MW 3:30-4:45p,Lecture,Open,1
RELST-UA,RELST-UA 980,,001,6707,Staff,Does Not Meet,Independent,Open,1
RELST-UA,RELST-UA 997,,001,6708,Staff,Does Not Meet,Independent,Open,3
RELST-UA,RELST-UA 997,,002,6709,Staff,Does Not Meet,Independent,Open,3
RELST-UA,RELST-UA 997,,003,6710,Staff,Does Not Meet,Independent,Open,3
RUSSN-UA,RUSSN-UA 1,,001,13224,Staff,TRF 12:30-1:45p,Lecture,Open,4
RUSSN-UA,RUSSN-UA 1,,002,13225,Staff,TRF 2-3:15p,Lecture,Open,4
RUSSN-UA,RUSSN-UA 1,,003,13226,Staff,TRF 3:30-4:45p,Lecture,Open,4
RUSSN-UA,RUSSN-UA 1,,004,13227,Staff,MWF 9:30-10:45a,Lecture,Open,4
RUSSN-UA,RUSSN-UA 107,,001,13232,Staff,MW 11a-12:15p,Lecture,Open,1
RUSSN-UA,RUSSN-UA 109,,001,13233,Staff,MW 12:30-1:45p,Lecture,Open,1
RUSSN-UA,RUSSN-UA 3,,001,13228,Staff,TRF 3:30-4:45p,Lecture,Open,2
RUSSN-UA,RUSSN-UA 3,,002,13229,Staff,TRF 4:55-6:10p,Lecture,Open,2
RUSSN-UA,RUSSN-UA 5,,002,13230,Staff,TR 2-3:15p,Lecture,Open,2
RUSSN-UA,RUSSN-UA 5,,003,13231,Staff,MW 4:55-6:10p,Lecture,Open,2
RUSSN-UA,RUSSN-UA 810,,001,13234,Staff,W 11a-1:30p,Lecture,Open,3
RUSSN-UA,RUSSN-UA 810,,002,13235,Staff,M 2-4:30p,Lecture,Open,1
RUSSN-UA,RUSSN-UA 810,,003,13236,Staff,TR 2-3:15p,Lecture,Open,1
RUSSN-UA,RUSSN-UA 810,,004,13237,Staff,MW 3:30-4:45p,Lecture,Open,1
RUSSN-UA,RUSSN-UA 810,,006,13239,Staff,MW 12:30-1:45p,Lecture,Open,3
RUSSN-UA,RUSSN-UA 810,,009,22318,Staff,MW 3:30-4:45p,Lecture,Open,3
RUSSN-UA,RUSSN-UA 850,,001,13242,Staff,R 11a-1:30p,Lecture,Open,1
RUSSN-UA,RUSSN-UA 980,,001,13243,Staff,Does Not Meet,Lecture,Open,1
RUSSN-UA,RUSSN-UA 997,,001,13244,Staff,Does Not Meet,Independent,Open,1
SCA-UA,SCA-UA 101,,001,6672,Staff,MW 12:30-1:45p,Lecture,Open,5
SCA-UA,SCA-UA 101,,002,6673,Staff,T 8-9:15a,Recitation,Open,5
SCA-UA,SCA-UA 101,,003,6674,Staff,F 8-9:15a,Recitation,Open,5
SCA-UA,SCA-UA 101,,004,6675,Staff,R 8-9:15a,Recitation,Open,5
SCA-UA,SCA-UA 101,,005,6676,Staff,M 8-9:15a,Recitation,Open,5
SCA-UA,SCA-UA 121,,001,6677,Staff,MW 1:15-3:10p,Lecture,Open,1
SCA-UA,SCA-UA 152,,001,21199,Staff,W 4:55-7:40p,Lecture,Open,1
SCA-UA,SCA-UA 158,,001,21550,Staff,MW 12:30-1:45p,Lecture,Open,1
SCA-UA,SCA-UA 18,,001,6700,Staff,T 4:55-7:40p,Lecture,Open,1
SCA-UA,SCA-UA 182,,001,6701,Staff,TR 9:30-11:25a,Seminar,Open,1
SCA-UA,SCA-UA 280,,001,6680,Staff,TR 3:30-4:45p,Lecture,Open,1
SCA-UA,SCA-UA 280,,002,6682,Staff,MW 3:30-4:45p,Lecture,Open,1
SCA-UA,SCA-UA 280,,003,6684,Staff,W 6:20-9p,Lecture,Open,1
SCA-UA,SCA-UA 280,,004,21202,Staff,W 11a-1:30p,Lecture,Open,1
SCA-UA,SCA-UA 280,,005,21867,Staff,MW 9:30-10:45a,Lecture,Open,1
SCA-UA,SCA-UA 321,,001,6685,Staff,MW 2-4:45p,Lecture,Open,1
SCA-UA,SCA-UA 323,,001,6686,Staff,TR 2-4:45p,Lecture,Open,1
SCA-UA,SCA-UA 331,,001,6687,Staff,TWR 9:30-10:45a,Lecture,Open,2
SCA-UA,SCA-UA 331,,002,6688,Staff,TWR 12:30-1:45p,Lecture,Open,2
SCA-UA,SCA-UA 333,,001,6689,Staff,TWR 11a-12:15p,Lecture,Open,1
SCA-UA,SCA-UA 366,,001,6690,Staff,TR 4:55-6:10p,Lecture,Open,1
SCA-UA,SCA-UA 380,,001,6691,Staff,MW 6:20-7:35p,Seminar,Open,1
SCA-UA,SCA-UA 380,,002,21814,Staff,MW 12:30-1:45p,Seminar,Open,1
SCA-UA,SCA-UA 401,,001,6695,Staff,T 4:55-7:40p,Lecture,Open,3
SCA-UA,SCA-UA 401,,002,6696,Staff,T 8-9:15a,Recitation,Open,3
SCA-UA,SCA-UA 401,,003,6697,Staff,W 8-9:15a,Recitation,Open,3
SCA-UA,SCA-UA 493,,001,6692,Staff,F 9:30a-12:15p,Seminar,Open,1
SCA-UA,SCA-UA 533,,001,8411,Staff,R 2-4:30p,Lecture,Open,1
SCA-UA,SCA-UA 613,,001,6693,Staff,TR 6:20-7:35p,Lecture,Open,1
SCA-UA,SCA-UA 680,,001,6694,Staff,R 6:20-9p,Seminar,Open,1
SCA-UA,SCA-UA 721,,001,21913,Staff,R 2-4:45p,Seminar,Open,1
SCA-UA,SCA-UA 721,,002,22457,Staff,TR 9:30-10:45a,Seminar,Open,1
SCA-UA,SCA-UA 744,,001,21914,Staff,MW 11a-12:15p,Lecture,Open,1
SCA-UA,SCA-UA 744,,002,22190,Staff,MW 12:30-1:45p,Lecture,Open,1
SCA-UA,SCA-UA 747,,001,21198,Staff,TR 2-3:15p,Lecture,Open,1
SCA-UA,SCA-UA 762,,001,21392,Staff,TR 2-3:15p,Seminar,Open,1
SCA-UA,SCA-UA 769,,001,21393,Staff,MW 2-3:15p,Lecture,Open,1
SCA-UA,SCA-UA 784,,001,21915,Staff,Does Not Meet,Seminar,Open,1
SCA-UA,SCA-UA 799,,001,21072,Staff,W 2-4:45p,Lecture,Open,1
SCA-UA,SCA-UA 90,,001,6670,Staff,W 2-4:45p,Seminar,Open,1
SCA-UA,SCA-UA 92,,001,6671,Staff,M 9:30a-12:15p,Seminar,Open,1
SCHOL-UA,SCHOL-UA 10,,001,8306,Staff,T 6:20-7:35p,Seminar,Open,7
SCHOL-UA,SCHOL-UA 10,,002,8307,Staff,W 6:20-7:35p,Seminar,Open,7
SCHOL-UA,SCHOL-UA 10,,003,8308,Staff,M 6:20-7:35p,Seminar,Open,7
SCHOL-UA,SCHOL-UA 10,,004,8309,Staff,T 6:20-7:35p,Seminar,Open,7
SCHOL-UA,SCHOL-UA 10,,005,8310,Staff,M 6:20-7:35p,Seminar,Open,7
SCHOL-UA,SCHOL-UA 10,,006,8311,Staff,T 6:20-7:35p,Seminar,Open,7
SCHOL-UA,SCHOL-UA 10,,007,8312,Staff,W 6:20-7:35p,Seminar,Open,7
SCHOL-UA,SCHOL-UA 20,,001,8313,Staff,W 6:20-7:35p,Seminar,Open,8
SCHOL-UA,SCHOL-UA 20,,002,8314,Staff,R 6:20-7:35p,Seminar,Open,8
SCHOL-UA,SCHOL-UA 20,,003,8315,Staff,M 6:20-7:35p,Seminar,Open,8
SCHOL-UA,SCHOL-UA 20,,004,8316,Staff,W 6:20-7:35p,Seminar,Open,8
SCHOL-UA,SCHOL-UA 20,,006,8317,Staff,T 6:20-7:35p,Seminar,Open,8
SCHOL-UA,SCHOL-UA 20,,007,8318,Staff,M 6:20-7:35p,Seminar,Open,8
SCHOL-UA,SCHOL-UA 20,,009,8319,Staff,W 6:20-7:35p,Seminar,Open,8
SCHOL-UA,SCHOL-UA 20,,010,8320,Staff,R 6:20-7:35p,Seminar,Open,8
SCHOL-UA,SCHOL-UA 30,,001,8321,Staff,Does Not Meet,Lecture,Open,1
SCHOL-UA,SCHOL-UA 40,,001,8322,Staff,Does Not Meet,Lecture,Open,1
SOC-UA,SOC-UA 1,,001,5511,Staff,TR 11a-12:15p,Lecture,Open,18
SOC-UA,SOC-UA 1,,002,5512,Staff,F 2-3:15p,Recitation,Open,18
SOC-UA,SOC-UA 1,,003,5513,Staff,F 8-9:15a,Recitation,Open,18
SOC-UA,SOC-UA 1,,004,5514,Staff,F 9:30-10:45a,Recitation,Open,18
SOC-UA,SOC-UA 1,,005,5515,Staff,F 6:20-7:35p,Recitation,Open,18
SOC-UA,SOC-UA 1,,006,5516,Staff,F 11a-12:15p,Recitation,Open,18
SOC-UA,SOC-UA 1,,007,5517,Staff,F 12:30-1:45p,Recitation,Open,18
SOC-UA,SOC-UA 1,,008,5518,Staff,F 12:30-1:45p,Recitation,Open,18
SOC-UA,SOC-UA 1,,009,5519,Staff,F 12:30-1:45p,Recitation,Open,18
SOC-UA,SOC-UA 1,,010,5520,Staff,F 4:55-6:10p,Recitation,Open,18
SOC-UA,SOC-UA 1,,011,5521,Staff,F 4:55-6:10p,Recitation,Open,18
SOC-UA,SOC-UA 1,,012,5522,Staff,F 3:30-4:45p,Recitation,Open,18
SOC-UA,SOC-UA 1,,013,5523,Staff,F 6:20-7:35p,Recitation,Open,18
SOC-UA,SOC-UA 1,,014,5524,Staff,TR 2-3:15p,Lecture,Open,18
SOC-UA,SOC-UA 1,,017,5525,Staff,F 11a-12:15p,Recitation,Open,18
SOC-UA,SOC-UA 1,,018,5526,Staff,F 9:30-10:45a,Recitation,Open,18
SOC-UA,SOC-UA 1,,019,5527,Staff,F 2-3:15p,Recitation,Open,18
SOC-UA,SOC-UA 1,,020,5528,Staff,F 3:30-4:45p,Recitation,Open,18
SOC-UA,SOC-UA 111,,001,5529,Staff,MW 9:30-10:45a,Lecture,Open,3
SOC-UA,SOC-UA 111,,002,5530,Staff,F 3:30-4:45p,Recitation,Open,3
SOC-UA,SOC-UA 111,,003,5531,Staff,F 4:55-6:10p,Recitation,Open,3
SOC-UA,SOC-UA 301,,001,5532,Staff,TR 9:30-10:45a,Lecture,Open,3
SOC-UA,SOC-UA 301,,002,5533,Staff,F 8-9:15a,Lab,Open,3
SOC-UA,SOC-UA 301,,003,5534,Staff,F 9:30-10:45a,Lab,Open,3
SOC-UA,SOC-UA 302,,001,5535,Staff,TR 12:30-1:45p,Lecture,Open,3
SOC-UA,SOC-UA 302,,002,5536,Staff,F 4:55-6:10p,Lab,Open,3
SOC-UA,SOC-UA 302,,003,5537,Staff,F 6:20-7:35p,Lab,Open,3
SOC-UA,SOC-UA 388,,001,5553,Staff,TR 3:30-4:45p,Lecture,Open,3
SOC-UA,SOC-UA 388,,002,5554,Staff,F 8-9:15a,Recitation,Open,3
SOC-UA,SOC-UA 388,,003,5555,Staff,F 9:30-10:45a,Recitation,Open,3
SOC-UA,SOC-UA 414,,001,5538,Staff,MW 2-3:15p,Lecture,Open,3
SOC-UA,SOC-UA 414,,002,5539,Staff,F 11a-12:15p,Recitation,Open,3
SOC-UA,SOC-UA 414,,003,5540,Staff,F 8-9:15a,Recitation,Open,3
SOC-UA,SOC-UA 451,,001,5541,Staff,MW 2-3:15p,Lecture,Open,3
SOC-UA,SOC-UA 451,,002,5542,Staff,F 11a-12:15p,Recitation,Open,3
SOC-UA,SOC-UA 451,,003,5543,Staff,F 8-9:15a,Recitation,Open,3
SOC-UA,SOC-UA 503,,001,5545,Staff,TR 11a-12:15p,Lecture,Open,3
SOC-UA,SOC-UA 503,,002,5546,Staff,F 3:30-4:45p,Recitation,Open,3
SOC-UA,SOC-UA 503,,003,5547,Staff,F 2-3:15p,Recitation,Open,3
SOC-UA,SOC-UA 934,,001,5544,Staff,W 2-4:45p,Seminar,Open,1
SOC-UA,SOC-UA 936,,001,5548,Staff,T 11a-1:45p,Seminar,Open,1
SOC-UA,SOC-UA 940,,001,5549,Staff,M 2-4:45p,Seminar,Open,1
SOC-UA,SOC-UA 941,,001,5550,Staff,W 11a-1:45p,Seminar,Open,1
SOC-UA,SOC-UA 950,,001,5551,Staff,R 2-4:45p,Seminar,Open,1
SOC-UA,SOC-UA 997,,001,5552,Staff,Does Not Meet,Independent,Open,1
SPAN-UA,SPAN-UA 1,,001,13102,Staff,TRF 8-9:15a,Lecture,Open,15
SPAN-UA,SPAN-UA 1,,002,13103,Staff,TRF 8-9:15a,Lecture,Open,15
SPAN-UA,SPAN-UA 1,,003,13104,Staff,TRF 9:30-10:45a,Lecture,Open,15
SPAN-UA,SPAN-UA 1,,004,13105,Staff,TRF 9:30-10:45a,Lecture,Open,15
SPAN-UA,SPAN-UA 1,,005,13106,Staff,TRF 11a-12:15p,Lecture,Open,15
SPAN-UA,SPAN-UA 1,,006,13107,Staff,TRF 11a-12:15p,Lecture,Open,15
SPAN-UA,SPAN-UA 1,,007,13108,Staff,TRF 12:30-1:45p,Lecture,Open,15
SPAN-UA,SPAN-UA 1,,008,13109,Staff,TRF 12:30-1:45p,Lecture,Open,15
SPAN-UA,SPAN-UA 1,,009,13110,Staff,TRF 2-3:15p,Lecture,Open,15
SPAN-UA,SPAN-UA 1,,010,13111,Staff,TRF 2-3:15p,Lecture,Open,15
SPAN-UA,SPAN-UA 1,,011,13112,Staff,TRF 3:30-4:45p,Lecture,Open,15
SPAN-UA,SPAN-UA 1,,012,13113,Staff,TRF 3:30-4:45p,Lecture,Open,15
SPAN-UA,SPAN-UA 1,,013,13114,Staff,TRF 4:55-6:10p,Lecture,Open,15
SPAN-UA,SPAN-UA 1,,014,13115,Staff,TRF 4:55-6:10p,Lecture,Open,15
SPAN-UA,SPAN-UA 1,,015,13116,Staff,TR 8:45-10:45a,Lecture,Open,15
SPAN-UA,SPAN-UA 10,,001,13158,Staff,MTWRF 8-9:15a,Lecture,Open,3
SPAN-UA,SPAN-UA 10,,002,13159,Staff,MTWRF 11a-12:15p,Lecture,Open,3
SPAN-UA,SPAN-UA 10,,003,13160,Staff,MTWRF 2-3:15p,Lecture,Open,3
SPAN-UA,SPAN-UA 100,,001,13185,Staff,MW 4:55-6:10p,Seminar,Open,1
SPAN-UA,SPAN-UA 11,,001,13161,Staff,MWF 12:30-1:45p,Lecture,Open,1
SPAN-UA,SPAN-UA 115,,001,21699,Staff,TR 2-3:15p,Lecture,Open,1
SPAN-UA,SPAN-UA 120,,001,13182,Staff,TR 12:30-1:45p,Lecture,Open,1
SPAN-UA,SPAN-UA 152,,001,13178,Staff,Does Not Meet,Seminar,Open,1
SPAN-UA,SPAN-UA 160,,001,13180,Staff,Does Not Meet,Independent,Open,1
SPAN-UA,SPAN-UA 2,,001,13117,Staff,TRF 8-9:15a,Lecture,Open,13
SPAN-UA,SPAN-UA 2,,002,13118,Staff,TRF 8-9:15a,Lecture,Open,13
SPAN-UA,SPAN-UA 2,,003,13119,Staff,TRF 9:30-10:45a,Lecture,Open,13
SPAN-UA,SPAN-UA 2,,004,13120,Staff,TRF 9:30-10:45a,Lecture,Open,13
SPAN-UA,SPAN-UA 2,,005,13121,Staff,TRF 11a-12:15p,Lecture,Open,13
SPAN-UA,SPAN-UA 2,,006,13122,Staff,TRF 11a-12:15p,Lecture,Open,13
SPAN-UA,SPAN-UA 2,,007,13123,Staff,TRF 12:30-1:45p,Lecture,Open,13
SPAN-UA,SPAN-UA 2,,008,13124,Staff,TRF 12:30-1:45p,Lecture,Open,13
SPAN-UA,SPAN-UA 2,,009,13125,Staff,TRF 2-3:15p,Lecture,Open,13
SPAN-UA,SPAN-UA 2,,010,13126,Staff,TRF 2-3:15p,Lecture,Open,13
SPAN-UA,SPAN-UA 2,,011,13127,Staff,TRF 3:30-4:45p,Lecture,Open,13
SPAN-UA,SPAN-UA 2,,012,13128,Staff,TRF 4:55-6:10p,Lecture,Open,13
SPAN-UA,SPAN-UA 2,,013,13129,Staff,TR 10:15a-12:15p,Lecture,Open,13
SPAN-UA,SPAN-UA 20,,001,13162,Staff,MTWRF 9:30-10:45a,Lecture,Open,3
SPAN-UA,SPAN-UA 20,,002,13163,Staff,MTWRF 11a-12:15p,Lecture,Open,3
SPAN-UA,SPAN-UA 20,,003,13164,Staff,MTWRF 3:30-4:45p,Lecture,Open,3
SPAN-UA,SPAN-UA 220,,001,13189,Staff,W 2-4:30p,Lecture,Open,1
SPAN-UA,SPAN-UA 260,,001,13181,Staff,TR 12:30-1:45p,Lecture,Open,1
SPAN-UA,SPAN-UA 3,,001,13130,Staff,MWF 8-9:15a,Lecture,Open,15
SPAN-UA,SPAN-UA 3,,002,13131,Staff,MWF 8-9:15a,Lecture,Open,15
SPAN-UA,SPAN-UA 3,,003,13132,Staff,MWF 9:30-10:45a,Lecture,Open,15
SPAN-UA,SPAN-UA 3,,004,13133,Staff,MWF 9:30-10:45a,Lecture,Open,15
SPAN-UA,SPAN-UA 3,,005,13134,Staff,MWF 11a-12:15p,Lecture,Open,15
SPAN-UA,SPAN-UA 3,,006,13135,Staff,MWF 11a-12:15p,Lecture,Open,15
SPAN-UA,SPAN-UA 3,,007,13136,Staff,MWF 12:30-1:45p,Lecture,Open,15
SPAN-UA,SPAN-UA 3,,008,13137,Staff,MWF 12:30-1:45p,Lecture,Open,15
SPAN-UA,SPAN-UA 3,,009,13138,Staff,MWF 2-3:15p,Lecture,Open,15
SPAN-UA,SPAN-UA 3,,010,13139,Staff,MWF 2-3:15p,Lecture,Open,15
SPAN-UA,SPAN-UA 3,,011,13140,Staff,MWF 3:30-4:45p,Lecture,Open,15
SPAN-UA,SPAN-UA 3,,012,13141,Staff,MWF 3:30-4:45p,Lecture,Open,15
SPAN-UA,SPAN-UA 3,,013,13142,Staff,MWF 4:55-6:10p,Lecture,Open,15
SPAN-UA,SPAN-UA 3,,014,13143,Staff,MWF 4:55-6:10p,Lecture,Open,15
SPAN-UA,SPAN-UA 3,,015,13144,Staff,TR 10:15a-12:15p,Lecture,Open,15
SPAN-UA,SPAN-UA 309,,001,13188,Staff,TR 2-3:15p,Seminar,Open,1
SPAN-UA,SPAN-UA 311,,001,13195,Staff,T 4:55-7:25p,Seminar,Open,5
SPAN-UA,SPAN-UA 311,,002,13196,Staff,M 2-4:30p,Seminar,Open,5
SPAN-UA,SPAN-UA 311,,003,13197,Staff,MW 11a-12:15p,Seminar,Open,5
SPAN-UA,SPAN-UA 311,,004,13199,Staff,MW 3:30-4:45p,Seminar,Open,5
SPAN-UA,SPAN-UA 311,,005,21700,Staff,TR 11a-12:15p,Seminar,Open,5
SPAN-UA,SPAN-UA 4,,001,13145,Staff,MWF 8-9:15a,Lecture,Open,13
SPAN-UA,SPAN-UA 4,,002,13146,Staff,MWF 8-9:15a,Lecture,Open,13
SPAN-UA,SPAN-UA 4,,003,13147,Staff,MWF 9:30-10:45a,Lecture,Open,13
SPAN-UA,SPAN-UA 4,,004,13148,Staff,MWF 11a-12:15p,Lecture,Open,13
SPAN-UA,SPAN-UA 4,,005,13149,Staff,MWF 11a-12:15p,Lecture,Open,13
SPAN-UA,SPAN-UA 4,,006,13150,Staff,MWF 12:30-1:45p,Lecture,Open,13
SPAN-UA,SPAN-UA 4,,007,13151,Staff,MWF 12:30-1:45p,Lecture,Open,13
SPAN-UA,SPAN-UA 4,,008,13152,Staff,MWF 2-3:15p,Lecture,Open,13
SPAN-UA,SPAN-UA 4,,009,13153,Staff,MWF 2-3:15p,Lecture,Open,13
SPAN-UA,SPAN-UA 4,,010,13154,Staff,MWF 3:30-4:45p,Lecture,Open,13
SPAN-UA,SPAN-UA 4,,011,13155,Staff,MWF 4:55-6:10p,Lecture,Open,13
SPAN-UA,SPAN-UA 4,,012,13156,Staff,MWF 4:55-6:10p,Lecture,Open,13
SPAN-UA,SPAN-UA 4,,013,13157,Staff,TR 10:15a-12:15p,Lecture,Open,13
SPAN-UA,SPAN-UA 470,,001,13187,Staff,TR 11a-12:15p,Lecture,Open,1
SPAN-UA,SPAN-UA 498,,001,13179,Staff,T 11a-1:30p,Seminar,Open,1
SPAN-UA,SPAN-UA 50,,001,13167,Staff,MWF 9:30-10:45a,Lecture,Open,4
SPAN-UA,SPAN-UA 50,,002,13168,Staff,MWF 11a-12:15p,Lecture,Open,4
SPAN-UA,SPAN-UA 50,,003,13169,Staff,MWF 12:30-1:45p,Lecture,Open,4
SPAN-UA,SPAN-UA 50,,004,13170,Staff,MWF 2-3:15p,Lecture,Open,4
SPAN-UA,SPAN-UA 500,,001,21742,Staff,TR 3:30-4:45p,Seminar,Open,1
SPAN-UA,SPAN-UA 51,,001,13174,Staff,MWF 11a-12:15p,Lecture,Open,2
SPAN-UA,SPAN-UA 51,,002,13175,Staff,MWF 12:30-1:45p,Lecture,Open,2
SPAN-UA,SPAN-UA 530,,001,13193,Staff,R 2-4:45p,Seminar,Open,3
SPAN-UA,SPAN-UA 530,,002,13191,Staff,TR 2-3:15p,Seminar,Open,3
SPAN-UA,SPAN-UA 530,,003,21794,Staff,TR 9:30-10:45a,Seminar,Open,3
SPAN-UA,SPAN-UA 60,,001,13171,Staff,TRF 12:30-1:45p,Lecture,Open,2
SPAN-UA,SPAN-UA 60,,002,13172,Staff,MWF 2-3:15p,Lecture,Open,2
SPAN-UA,SPAN-UA 81,,001,13165,Staff,MWF 9:30-10:45a,Lecture,Open,1
SPAN-UA,SPAN-UA 83,,001,13166,Staff,MWF 11a-12:15p,Lecture,Open,1
